empresa;cargo;localizacao;modalidade;contrato;pcd;data
Imagem Geosistemas;1349 - Analista de Dados J√∫nior;Sao Jose d... - SP;Presencial;Efetivo;Tamb√©m p/ PcD;28/08/2023
Verdegreen Hotel;Banco de Dados - Unip√™;Jo√£o Pessoa - PB;Presencial;Banco de Talentos;Tamb√©m p/ PcD;25/08/2023
Grupo Botic√°rio;Analista ll ‚Äì Dados e insights (Afirmativa para talentos negros) - Tempor√°ria;Sao Jose d... - PR;Presencial;Tempor√°rio;N√£o informado;25/08/2023
Central IT;ADMINISTRADOR DE BANCO DE DADOS S√äNIOR;N√£o informado;Presencial;Efetivo;Tamb√©m p/ PcD;25/08/2023
GVC SOLU√á√ïES EM COBRAN√áA;ANALISTA DE DADOS;S√£o Jos√© d... - SP;Presencial;Efetivo;Tamb√©m p/ PcD;25/08/2023
Incentivar;Engenheiro de Dados;S√£o Paulo - SP;Presencial;Aut√¥nomo;Tamb√©m p/ PcD;25/08/2023
GLOBAL HITSS;13790-Engenheiro de Dados;S√£o Paulo - SP;Presencial;Efetivo;Tamb√©m p/ PcD;25/08/2023
NAVA | Technology for Business;CIENTISTA DE DADOS PL - REMOTO;N√£o informado;Remoto;Efetivo;Tamb√©m p/ PcD;25/08/2023
Join Tecnologia & Design;Especialista em Dados ;Bras√≠lia - DF;Presencial;Efetivo;Tamb√©m p/ PcD;25/08/2023
Sicredi;0116 - Analista de BI - √Årea de Dados- Sede da Cooperativa - Porto Alegre;Porto Alegre - RS;Presencial;Efetivo;Tamb√©m p/ PcD;25/08/2023
GOVERNAN√áABRASIL - GOVBR;Analista de Dados Pl;Blumenau - SC;Presencial;Efetivo;Tamb√©m p/ PcD;25/08/2023
NAVA | Technology for Business;CIENTISTA DE DADOS SR - Fortaleza/CE;Fortaleza - CE;Presencial;Efetivo;Tamb√©m p/ PcD;25/08/2023
Cielo;Analista de Dados Pleno | Pricing e Customer Analytics;Barueri - SP;Presencial;Efetivo;Tamb√©m p/ PcD;25/08/2023
Cielo;Especialista em Ci√™ncia de Dados | Pricing e Customer Analytics;Barueri - SP;Presencial;Efetivo;Tamb√©m p/ PcD;25/08/2023
Getnet Brasil;Pessoa Especialista de Qualidade - Dados;S√£o Paulo - SP;Presencial;Efetivo;Tamb√©m p/ PcD;25/08/2023
Confidencial;Analista de Banco de Dados S√™nior;Curitiba - PR;Presencial;Efetivo;Tamb√©m p/ PcD;25/08/2023
Vem Pra Vivo;Analista AdOps e Dados PL;S√£o Paulo - SP;Remoto;Efetivo;Tamb√©m p/ PcD;24/08/2023
Clinicorp Solutions;Analista de Migra√ß√£o de Dados Pleno;Jaragu√° do... - SC;Presencial;Efetivo;Tamb√©m p/ PcD;24/08/2023
OLX Brasil;Analista de Dados - Pleno;S√£o Paulo - SP;Remoto;Efetivo;Tamb√©m p/ PcD;24/08/2023
YDUQS;PESSOA ANALISTA DE FATURAMENTO S√äNIOR (FOCO EM DADOS);Rio de Jan... - RJ;Presencial;Efetivo;Tamb√©m p/ PcD;24/08/2023
Radix Engenharia e Software;Profissional de Engenharia de Dados S√™nior;N√£o informado;Remoto;Efetivo;N√£o informado;24/08/2023
Radix Engenharia e Software;Profissional de Engenharia de Dados Pleno;N√£o informado;Remoto;Efetivo;N√£o informado;24/08/2023
Vem Pra Vivo;Consultor CyberSecurity - Prote√ß√£o de Dados;S√£o Paulo - SP;Presencial;Efetivo;Tamb√©m p/ PcD;24/08/2023
Techware Systems;Administrador de Banco de Dados Jr (DBA) ;S√£o Paulo - SP;Presencial;Efetivo;N√£o informado;24/08/2023
Terraverde Agro;Cientista de Dados - Piracicaba;Piracicaba - SP;Presencial;Efetivo;Tamb√©m p/ PcD;24/08/2023
Ita√∫ Unibanco;ANL DADOS ANALYTICS JR;Sao Paulo - SP;Presencial;Efetivo;Tamb√©m p/ PcD;24/08/2023
CONEXA;Analista de Dados Pleno;S√£o Paulo - SP;Presencial;Efetivo;Tamb√©m p/ PcD;24/08/2023
Grupo RBS;Analista dados I ;Porto Alegre - RS;Remoto;Efetivo;Tamb√©m p/ PcD;24/08/2023
Bild Desenvolvimento Imobili√°rio ;Cientista de Dados;Ribeir√£o P... - SP;Presencial;Efetivo;Tamb√©m p/ PcD;24/08/2023
Caixa Vida e Previd√™ncia;Analista de Dados S√™nior;S√£o Paulo - SP;Presencial;Efetivo;Tamb√©m p/ PcD;24/08/2023
Minsait an Indra Company;Pessoa Arquiteto de Dados S√™nior;N√£o informado;Remoto;Efetivo;Tamb√©m p/ PcD;24/08/2023
Vem Ser Programmers;Cientista de Dados (Home Office/Brasil) ;S√£o Paulo - SP;Remoto;Efetivo;Tamb√©m p/ PcD;24/08/2023
Visagio;Formados - Tecnologia | Automa√ß√£o e Dados NE ;Recife - PE;Presencial;Banco de Talentos;Tamb√©m p/ PcD;24/08/2023
Visagio;Formados - Tecnologia | Automa√ß√£o e Dados Fortaleza;Fortaleza - CE;Presencial;Banco de Talentos;Tamb√©m p/ PcD;24/08/2023
Visagio;Formados - Tecnologia | Automa√ß√£o e Dados SP ;S√£o Paulo - SP;Presencial;Banco de Talentos;Tamb√©m p/ PcD;24/08/2023
Visagio;Formados - Tecnologia | Automa√ß√£o e Dados RJ;Rio de Jan... - RJ;Presencial;Banco de Talentos;Tamb√©m p/ PcD;24/08/2023
Datum TI;Pessoa Analista de Dados S√™nior ;Santa Maria - RS;Remoto;Efetivo;Tamb√©m p/ PcD;23/08/2023
Barcelos;ANALISTA DE INTELIG√äNCIA DE DADOS/ CAMPOS DOS GOYTACAZES;Campos dos... - RJ;Presencial;Efetivo;Tamb√©m p/ PcD;23/08/2023
Brognoli;Est√°gio em an√°lise de dados;Florian√≥polis - SC;Presencial;Est√°gio;Tamb√©m p/ PcD;23/08/2023
Lanlink Inform√°tica;Cientista de Dados - SOC;Fortaleza - CE;Presencial;Efetivo;Tamb√©m p/ PcD;23/08/2023
One Big Media Group;Analista de Dados Pleno;Belo Horiz... - MG;Presencial;Pessoa Jur√≠dica;Tamb√©m p/ PcD;23/08/2023
NZN;Analista de Dados PL;N√£o informado;Presencial;Efetivo;Tamb√©m p/ PcD;23/08/2023
ANBIMA  ;Engenheiro de dados - Pleno;S√£o Paulo - SP;Presencial;Efetivo;N√£o informado;23/08/2023
YDUQS;PESSOA ANALISTA DE DADOS GERENCIAIS;S√£o Paulo - SP;Presencial;Efetivo;Tamb√©m p/ PcD;23/08/2023
3CON | IT & Digital;Arquiteto de Dados S√™nior;Rio de Jan... - RJ;Presencial;Efetivo;Tamb√©m p/ PcD;23/08/2023
3CON | IT & Digital;Engenheiro de Dados S√™nior;Rio de Jan... - RJ;Presencial;Efetivo;Tamb√©m p/ PcD;23/08/2023
3CON | IT & Digital;Cientistas de Dados S√™nior;Rio de Jan... - RJ;Presencial;Efetivo;Tamb√©m p/ PcD;23/08/2023
3CON | IT & Digital;Cientistas de Dados Senior ;S√£o Paulo - SP;Presencial;Efetivo;Tamb√©m p/ PcD;23/08/2023
√ìrigo Energia;Analista de Dados;Rio de Jan... - RJ;Presencial;Efetivo;Tamb√©m p/ PcD;23/08/2023
V.tal | o futuro passa por aqui;Especialista em Customer Service ( Dados &BI);S√£o Paulo - SP;Presencial;Efetivo;Tamb√©m p/ PcD;23/08/2023
Hummanos Consultoria RH;Analista de Dados e Processos ;Uberl√¢ndia - MG;Presencial;Efetivo;N√£o informado;23/08/2023
Globo;Pessoa Engenheira de dados S√™nior - Data & AI | Mais pessoas com defici√™ncia na tecnologia! ü¶æüíª ;Rio de Jan... - RJ;Remoto;Efetivo;Tamb√©m p/ PcD;23/08/2023
Toro Investimentos;Analista de Dados e Neg√≥cios S√™nior (Remoto);Belo Horiz... - MG;Remoto;Efetivo;Tamb√©m p/ PcD;22/08/2023
Ra√≠zen ;Coordenador(a) Excel√™ncia Operacional (Foco em Intelig√™ncia e Governan√ßa Industrial - Dados) ;Piracicaba - SP;Presencial;Efetivo;N√£o informado;22/08/2023
dtidigital;Est√°gio em An√°lise de Dados ;Belo Horiz... - MG;Presencial;Est√°gio;N√£o informado;22/08/2023
Brasilseg;Analista de Dados Pleno ;S√£o Paulo - SP;Presencial;Efetivo;Tamb√©m p/ PcD;22/08/2023
Banco Bmg;Analista de Arquitetura de Dados S√™nior ;S√£o Paulo - SP;Presencial;Efetivo;N√£o informado;22/08/2023
Movilway;Analista de Banco de Dados Jr - Movilway - Remoto;Belo Horiz... - MG;Remoto;Banco de Talentos;Tamb√©m p/ PcD;22/08/2023
Conta Simples;Cientista de Dados S√™nior;S√£o Paulo - SP;Remoto;Pessoa Jur√≠dica;Tamb√©m p/ PcD;22/08/2023
Lideran√ßa Capitaliza√ß√£o;Analista de Dados;S√£o Paulo - SP;Presencial;Efetivo;Tamb√©m p/ PcD;22/08/2023
Leega Consultoria;Engenheiro de Dados GCP Pleno;S√£o Paulo - SP;Remoto;Efetivo;N√£o informado;22/08/2023
Cielo;Engenheiro de Dados S√™nior;Barueri - SP;Presencial;Efetivo;Tamb√©m p/ PcD;22/08/2023
Radix Engenharia e Software;Est√°gio em An√°lise de Dados Industriais ;N√£o informado;Remoto;Est√°gio;Tamb√©m p/ PcD;22/08/2023
Pre√¢mbulo Tech;Analista de Dados DBA - Curitiba/PR;Curitiba - PR;Presencial;Efetivo;Tamb√©m p/ PcD;22/08/2023
Vem ser um Conecter. ;ANALISTA DE DADOS;S√£o Paulo - SP;Presencial;Efetivo;Tamb√©m p/ PcD;22/08/2023
Seja Globalweb; ANALISTA DE BANCO DE DADOS PL;Bras√≠lia - DF;Remoto;Efetivo;Tamb√©m p/ PcD;22/08/2023
Poliedro Educa√ß√£o;Analista de Dados Escolares J√∫nior ;S√£o Jos√© d... - SP;Presencial;Efetivo;Tamb√©m p/ PcD;22/08/2023
Infotec Brasil;Engenheiro de Suporte de Dados - RJ, SP e ES    ;N√£o informado;Presencial;Efetivo;Tamb√©m p/ PcD;22/08/2023
Vibra Energia;Analista de Dados Sr ;Rio de Jan... - RJ;Presencial;Efetivo;Tamb√©m p/ PcD;21/08/2023
Vibra Energia;Analista de Dados Pl ;Rio de Jan... - RJ;Presencial;Efetivo;Tamb√©m p/ PcD;21/08/2023
Sicredi;Est√°gio Foco em Dados - Afirmativa para mulheres negras e/ou trans;Porto Alegre - RS;Remoto;Est√°gio;Tamb√©m p/ PcD;21/08/2023
Fretebras;Cientista de Dados Pleno;S√£o Paulo - SP;Remoto;Efetivo;Tamb√©m p/ PcD;21/08/2023
A3Data;Pessoa Tech Lead de Ci√™ncia de Dados;Belo Horiz... - MG;Remoto;Efetivo;Tamb√©m p/ PcD;21/08/2023
Tech Sicredi;Analista de Dados - Foco em Precifica√ß√£o de Cr√©dito;Porto Alegre - RS;Remoto;Efetivo;Tamb√©m p/ PcD;21/08/2023
Globo;Cientista de Dados J√∫nior | Solu√ß√µes para o Consumidor e Intelig√™ncia;Rio de Jan... - RJ;Presencial;Efetivo;N√£o informado;21/08/2023
Leega Consultoria;Analista de Dados Pleno ;S√£o Paulo - SP;Presencial;Efetivo;N√£o informado;21/08/2023
Trabalhe Conosco Unimed Goi√¢nia;Analista de Dados em Saude II - Analytics;Goi√¢nia - GO;Presencial;Efetivo;Tamb√©m p/ PcD;21/08/2023
Tech Sicredi;Cientista de Dados -  Foco Concess√£o de Cr√©dito;Porto Alegre - RS;Remoto;Efetivo;Tamb√©m p/ PcD;21/08/2023
Autoglass Est√°gio;Estagi√°rio(a) - An√°lise de dados e relat√≥rios ;Vila Velha - ES;Presencial;Efetivo;N√£o informado;21/08/2023
MESHA TECNOLOGIA;Engenheiro(a) de Dados;Macei√≥ - AL;Remoto;Efetivo;Tamb√©m p/ PcD;21/08/2023
Bip Brasil;Pessoa Consultora de Dados & Analytics S√™nior - O&G ;Rio de Jan... - RJ;Presencial;Efetivo;Tamb√©m p/ PcD;21/08/2023
Niteo;Engenheiro de Dados Microsoft Senior;Florian√≥polis - SC;Presencial;Pessoa Jur√≠dica;Tamb√©m p/ PcD;21/08/2023
Datum TI;Pessoa Engenheira de Dados AWS S√™nior ;S√£o Paulo - SP;Remoto;Efetivo;Tamb√©m p/ PcD;21/08/2023
Caju Benef√≠cios;Pessoa Analista de Governan√ßa de Dados S√™nior;N√£o informado;Remoto;Efetivo;Tamb√©m p/ PcD;18/08/2023
NAVA | Technology for Business;PESSOA ENGENHEIRA DE DADOS PL - REMOTO;N√£o informado;Remoto;Efetivo;Tamb√©m p/ PcD;18/08/2023
NAVA | Technology for Business;CIENTISTA DE DADOS PL - REMOTO;N√£o informado;Remoto;Efetivo;Tamb√©m p/ PcD;18/08/2023
Wake;Analista de Dados BI S√™nior - Modelo de trabalho Remoto;S√£o Paulo - SP;Presencial;Efetivo;N√£o informado;18/08/2023
Zallpy Digital;Cientista de Dados Pleno;Porto Alegre - RS;Remoto;Efetivo;Tamb√©m p/ PcD;18/08/2023
A F√≥rmula - Farm√°cia de Manipula√ß√£o;Analista de Dados;S√£o Paulo - SP;Presencial;Pessoa Jur√≠dica;N√£o informado;18/08/2023
Central IT;Administrador de Banco de Dados;N√£o informado;Presencial;Efetivo;Tamb√©m p/ PcD;18/08/2023
ProcessMind;Analista Banco de Dados ;S√£o Paulo - SP;Presencial;Pessoa Jur√≠dica;N√£o informado;18/08/2023
Sabar√° Hospital Infantil;Cientista de Dados - FJLES;S√£o Paulo - SP;Presencial;Efetivo;Tamb√©m p/ PcD;18/08/2023
Scala;ENGENHEIRO DE DADOS PL;N√£o informado;Remoto;Efetivo;Tamb√©m p/ PcD;18/08/2023
Farmax;Engenheiro (a) de dados ;Belo Horiz... - MG;Remoto;Efetivo;N√£o informado;18/08/2023
üöÄ A sele√ß√£o j√° est√° rolando na Track&Field! Vem com a gente?;Analista de dados (BI) | TRACK&FIELD | S√£o Paulo;S√£o Paulo - SP;Presencial;Efetivo;Tamb√©m p/ PcD;18/08/2023
Seedz;Analista de Dados S√™nior ;Belo Horiz... - MG;Remoto;Efetivo;Tamb√©m p/ PcD;18/08/2023
Stefanini Group;Engenheiro de Dados S√™nior (Databricks);Sorocaba - SP;Remoto;Efetivo;Tamb√©m p/ PcD;18/08/2023
Bridge & Co.;L√≠der de Squad - Dados;S√£o Paulo - SP;Presencial;Efetivo;Tamb√©m p/ PcD;18/08/2023
Lanlink Inform√°tica;Analista de Banco de Dados e Linux;Fortaleza - CE;Presencial;Efetivo;Tamb√©m p/ PcD;18/08/2023
Quero Educa√ß√£o;Est√°gio em An√°lise de Dados;S√£o Jos√© d... - SP;Presencial;Est√°gio;Tamb√©m p/ PcD;18/08/2023
Montreal & Tecnologia & Inova√ß√£o;Administrador de Banco de Dados ADABAS/NATURAL - Regional RJ ;Rio de Jan... - RJ;Presencial;Efetivo;N√£o informado;18/08/2023
BIRD Moving Business Forward;Analista de Dados e CRM;S√£o Paulo - SP;Presencial;Pessoa Jur√≠dica;N√£o informado;18/08/2023
Porto;Analista de Intelig√™ncia de Dados S√™nior;S√£o Paulo - SP;Presencial;Efetivo;Tamb√©m p/ PcD;18/08/2023
GLOBAL HITSS;13539-Pessoa Administradora de Banco de Dados (DBA);S√£o Paulo - SP;Presencial;Efetivo;Tamb√©m p/ PcD;18/08/2023
Strada;Engenheiro(a) de Dados S√™nior ;S√£o Paulo - SP;Remoto;Efetivo;Tamb√©m p/ PcD;17/08/2023
Genial Investimentos;Cientista de Dados PL;S√£o Paulo - SP;Presencial;Efetivo;N√£o informado;17/08/2023
MTRIX;Engenheiro(a) de Dados ;S√£o Paulo - SP;Remoto;Pessoa Jur√≠dica;N√£o informado;17/08/2023
Brasilprev;ANALISTA COMERCIAL S√äNIOR (DADOS);S√£o Paulo - SP;Presencial;Efetivo;Tamb√©m p/ PcD;17/08/2023
White Martins ;Estagi√°rio(a) de An√°lise de Dados - Diadema/SP;Diadema - SP;Presencial;Est√°gio;Tamb√©m p/ PcD;17/08/2023
REDE CACIQUE;ATENDENTE EM RESTAURANTE BANCO DE DADOS - ALTO ALEGRE/MA;Alto Alegre  - MA;Presencial;Efetivo;Tamb√©m p/ PcD;17/08/2023
Grupo Salta Educa√ß√£o;Analista de Dados - Contas a Receber;Rio de Jan... - RJ;Presencial;Efetivo;Tamb√©m p/ PcD;17/08/2023
NAVA | Technology for Business;Pessoa Engenheira de Dados;S√£o Paulo - SP;Presencial;Efetivo;Tamb√©m p/ PcD;17/08/2023
LBCA - Lee, Brock, Camargo Advogados;Cientista de Dados Jur√≠dicos;S√£o Paulo - SP;Remoto;Efetivo;N√£o informado;17/08/2023
BP - A Benefic√™ncia Portuguesa de S√£o Paulo;Pessoa Analista de Dados Pleno;S√£o Paulo - SP;Presencial;Efetivo;Tamb√©m p/ PcD;17/08/2023
LEAN SALES;Assistente De Dados;Itaja√≠ - SC;Presencial;Efetivo;Tamb√©m p/ PcD;16/08/2023
ALLOS;Analista de Marketing Pleno - Dados e Intelig√™ncia;Belo Horiz... - MG;Presencial;Efetivo;Tamb√©m p/ PcD;16/08/2023
Daniel Advogados;Cientista de Dados ;Rio de Jan... - RJ;Presencial;Efetivo;Tamb√©m p/ PcD;16/08/2023
NAVA | Technology for Business;ANALISTA  DLP e PROTE√á√ÉO DE DADOS SR;Osasco - SP;Presencial;Efetivo;Tamb√©m p/ PcD;16/08/2023
NAVA | Technology for Business;ANALISTA  DLP e PROTE√á√ÉO DE DADOS SR;Osasco - SP;Presencial;Efetivo;Tamb√©m p/ PcD;16/08/2023
NAVA | Technology for Business;ANALISTA DE PROTE√á√ÉO DE DADOS SR - DISCOVERY, PROTE√á√ÉO E CRIPTOGRAFIA;Osasco - SP;Presencial;Efetivo;Tamb√©m p/ PcD;16/08/2023
iK Ecossistema da Inova√ß√£o;Analista de dados ;Rio de Jan... - RJ;Presencial;Efetivo;Tamb√©m p/ PcD;16/08/2023
Neoway;Pessoa Analista de Dados J√∫nior;N√£o informado;Remoto;Efetivo;Tamb√©m p/ PcD;16/08/2023
Instituto de Pesquisas ELDORADO;Analista de Dados Dogfooding;Manaus - AM;Presencial;Efetivo;Tamb√©m p/ PcD;16/08/2023
Stefanini Group;Administrador de Dados - AD;S√£o Paulo - SP;Remoto;Efetivo;Tamb√©m p/ PcD;16/08/2023
@novarotadooeste;ANALISTA DE DADOS PL;Cuiab√° - MT;Presencial;Efetivo;Tamb√©m p/ PcD;16/08/2023
GAVB ;Pessoa Engenheira de dados II - Vaga afirmativa para mulheres (Cis e Trans);N√£o informado;Remoto;Efetivo;Tamb√©m p/ PcD;16/08/2023
KPMG Brasil;Analista de Dados Sr - (People Analytics);S√£o Paulo - SP;Presencial;Efetivo;Tamb√©m p/ PcD;16/08/2023
Logcomex;Engenheiro de Dados Pleno;Curitiba - PR;Remoto;Efetivo;Tamb√©m p/ PcD;15/08/2023
Logcomex;Engenheiro de Dados JR;Curitiba - PR;Presencial;Efetivo;N√£o informado;15/08/2023
Libbs Farmac√™utica;Analista de Engenharia de Dados Pleno;S√£o Paulo - SP;Remoto;Efetivo;Tamb√©m p/ PcD;15/08/2023
Andrade Maia Advogados;Analista de Dados J√∫nior;Porto Alegre - RS;Presencial;Efetivo;Tamb√©m p/ PcD;15/08/2023
Cencosud Brasil;Cientista de Dados (Cencosud) - S√£o Paulo/SP ü•ºüë®üèº‚Äçüî¨;S√£o Paulo - SP;Presencial;Efetivo;N√£o informado;15/08/2023
YDUQS;PESSOA ANALISTA COMERCIAL PLENA (FOCO EM DADOS);S√£o Paulo - SP;Presencial;Efetivo;Tamb√©m p/ PcD;15/08/2023
Trinus Co.;Analista de Intelig√™ncia de Dados - Gest√£o Imobili√°ria;Goi√¢nia - GO;Presencial;Efetivo;Tamb√©m p/ PcD;15/08/2023
BP - A Benefic√™ncia Portuguesa de S√£o Paulo;Pessoa Analista  Dados Sr - Proadi TeleNordeste;S√£o Paulo - SP;Presencial;Efetivo;Tamb√©m p/ PcD;15/08/2023
Vagas Inmetrics;ANALISTA DE INTELIGENCIA DE DADOS PL (H√çBRIDO);S√£o Paulo - SP;Presencial;Efetivo;Tamb√©m p/ PcD;14/08/2023
SiMCo - Healthcare Platform;Analista de Intelig√™ncia Operacional e Dados Sr;Fortaleza - CE;Remoto;Efetivo;Tamb√©m p/ PcD;14/08/2023
SiMCo - Healthcare Platform;Analista de Intelig√™ncia Operacional e Dados Sr;Fortaleza - CE;Remoto;Efetivo;Tamb√©m p/ PcD;14/08/2023
Cogna Educa√ß√£o;PESSOA ESTAGIARIA - ANALISE DE DADOS R&S;Valinhos - SP;Presencial;Efetivo;Tamb√©m p/ PcD;14/08/2023
The Bridge Social;Engenheiro de Dados ;N√£o informado;Remoto;Pessoa Jur√≠dica;Tamb√©m p/ PcD;14/08/2023
Grupo Botic√°rio;Especialista em Engenharia de Dados II (Produtos Digitais) - Vaga afirmativa para Pessoas Negras (pretas e pardas) e Mulheres (cis e trans);N√£o informado;Remoto;Efetivo;Tamb√©m p/ PcD;14/08/2023
Banco Bmg; Engenharia de Dados S√™nior;S√£o Paulo - SP;Presencial;Efetivo;Tamb√©m p/ PcD;14/08/2023
Cidade Center Norte;Analista de Dados Jr (Relacionamento com Cliente);S√£o Paulo - SP;Presencial;Efetivo;Tamb√©m p/ PcD;14/08/2023
Bip Brasil;Pessoa Engenheira de Dados Jr. - Telecomunica√ß√µes ;S√£o Paulo - SP;Remoto;Efetivo;Tamb√©m p/ PcD;14/08/2023
Leega Consultoria;Engenheiro de Dados Azure/Databricks S√™nior;S√£o Caetan... - SP;Remoto;Pessoa Jur√≠dica;N√£o informado;14/08/2023
Vertigo Tecnologia;Desenvolvedor(a) em Python (Plataforma de Dados);Rio de Jan... - RJ;Remoto;Efetivo;Tamb√©m p/ PcD;14/08/2023
Modal - Estrat√©gia em Capta√ß√£o 360;Analista de Dados BI;Barueri - SP;Presencial;Efetivo;Tamb√©m p/ PcD;14/08/2023
J&T Express Brasil;Analista dados (Financeiro)  - Bras√≠lia/DF ;Bras√≠lia - DF;Presencial;Efetivo;Tamb√©m p/ PcD;14/08/2023
B. Braun Group ;Especialista de Intelig√™ncia de Dados;Rio de Jan... - RJ;Presencial;Efetivo;Tamb√©m p/ PcD;14/08/2023
SiDi;Est√°gio em Engenharia de Dados;Campinas - SP;Presencial;Est√°gio;Tamb√©m p/ PcD;14/08/2023
Aeris Energy;Banco de Dados - Profissionais com Defici√™ncia (PCD);Caucaia - CE;Presencial;Banco de Talentos;Tamb√©m p/ PcD;14/08/2023
Confidencial;ESTAGI√ÅRIO(A) - AN√ÅLISE DE DADOS;Rio de Jan... - RJ;Presencial;Est√°gio;Tamb√©m p/ PcD;14/08/2023
J&T Express Brasil;Analista de dados, Bras√≠lia/DF;Bras√≠lia - DF;Presencial;Efetivo;Tamb√©m p/ PcD;14/08/2023
Mutant;Engenheiro de Dados Pleno;S√£o Paulo - SP;Remoto;Efetivo;Tamb√©m p/ PcD;11/08/2023
Vagas, empregos, oportunidades;Cientista de Dados - Vaga Afirmativa para Mulheres;Joinville - SC;Remoto;Efetivo;Tamb√©m p/ PcD;11/08/2023
Neogrid Carreiras;Estagi√°rio Governan√ßa de Dados;S√£o Paulo - SP;Remoto;Est√°gio;Tamb√©m p/ PcD;11/08/2023
Sumicity;Analista de dados Pleno;S√£o Paulo - SP;Remoto;Efetivo;Tamb√©m p/ PcD;11/08/2023
KOVI ‚ù§Ô∏è;Analista de Opera√ß√µes Pleno (dados) - zona sul de S√£o Paulo/SP;S√£o Paulo - SP;Presencial;Efetivo;Tamb√©m p/ PcD;11/08/2023
NAVA | Technology for Business;Pessoa Engenheira de Dados;S√£o Paulo - SP;Presencial;Efetivo;Tamb√©m p/ PcD;11/08/2023
P√°gina de Carreiras da Netbr;Analista S√™nior de Seguran√ßa da Informa√ß√£o, Prote√ß√£o de dados e Suporte Interno;S√£o Paulo - SP;Presencial;Efetivo;Tamb√©m p/ PcD;11/08/2023
Datum TI;Pessoa Engenheira de Dados S√™nior;Porto Alegre - RS;Remoto;Efetivo;Tamb√©m p/ PcD;11/08/2023
Looqbox;Analista de Dados Pleno (Python Developer - Remoto);S√£o Paulo - SP;Remoto;Pessoa Jur√≠dica;Tamb√©m p/ PcD;11/08/2023
Trademaster;Product Owner S√™nior - Dados (H√≠brido);S√£o Paulo - SP;Presencial;Efetivo;Tamb√©m p/ PcD;11/08/2023
The Bridge Vagas;Engenheiro de Dados Sr - Florian√≥polis, SC - Modelo H√≠brido;Florian√≥polis - SC;Presencial;Efetivo;Tamb√©m p/ PcD;10/08/2023
Vagas Peers;Data Engineer (Engenheiro de Dados);S√£o Paulo - SP;Presencial;Efetivo;Tamb√©m p/ PcD;10/08/2023
Lojas Renner;Pessoa Engenheira de Dados;Porto Alegre - RS;Presencial;Efetivo;Tamb√©m p/ PcD;10/08/2023
Grupo SEB;Analista de Privacidade de Dados;Ribeir√£o P... - SP;Presencial;Efetivo;Tamb√©m p/ PcD;10/08/2023
Stefanini Group;MODELAGEM DE DADOS - AD ;Brasilia - DF;Remoto;Efetivo;Tamb√©m p/ PcD;10/08/2023
Votorantim Cimentos - Futuros Talentos ;Estagi√°ria/ Estagi√°rio em Dados;Curitiba - PR;Presencial;Est√°gio;Tamb√©m p/ PcD;10/08/2023
AllowMe;Cientista de dados;Recife - PE;Remoto;Efetivo;N√£o informado;10/08/2023
Aliare;Est√°gio Suporte - Banco de Dados e Servi√ßos;Rio Verde - GO;Presencial;Est√°gio;Tamb√©m p/ PcD;10/08/2023
YDUQS;PESSOA ANALISTA DE OPERA√á√ïES PLENO (MODELAGEM DE DADOS);Rio de Jan... - RJ;Presencial;Efetivo;Tamb√©m p/ PcD;10/08/2023
Seja Globalweb;ANALISTA DE BANCO DE DADOS SR - (SGBD PostgreSQL);Bras√≠lia - DF;Presencial;Efetivo;Tamb√©m p/ PcD;10/08/2023
Seja Globalweb;ANALISTA DE BANCO DE DADOS SR - (SGBD MS SQL Server);Fortaleza - CE;Presencial;Efetivo;Tamb√©m p/ PcD;10/08/2023
Seja Globalweb;ANALISTA DE BANCO DE DADOS PL - (MS SQL Server);Bras√≠lia - DF;Presencial;Efetivo;Tamb√©m p/ PcD;10/08/2023
Credifoz;Analista de Produtos e Neg√≥cios II Foco em An√°lise de Dados | Itaja√≠ ;Itaja√≠ - SC;Presencial;Efetivo;Tamb√©m p/ PcD;10/08/2023
JDC Tech;Administrador de Banco de Dados Oracle;Belo Horiz... - MG;Remoto;Efetivo;Tamb√©m p/ PcD;09/08/2023
JDC Tech;Engenheiro de Dados ;N√£o informado;Remoto;Efetivo;Tamb√©m p/ PcD;09/08/2023
Poliedro Educa√ß√£o;Analista de Dados S√™nior;S√£o Jos√© d... - SP;Remoto;Efetivo;Tamb√©m p/ PcD;09/08/2023
Cogna Educa√ß√£o;ANALISTA DE DADOS SR - AFIRMATIVA PARA PESSOAS NEGRAS;S√£o Paulo - SP;Presencial;Efetivo;N√£o informado;09/08/2023
Porto;Analista de Intelig√™ncia de Dados S√™nior;S√£o Paulo - SP;Presencial;Efetivo;N√£o informado;09/08/2023
MTP M√©todos e Tecnologia ‚Äì Brasil;553 - Analista de Dados Pleno;S√£o Paulo - SP;Presencial;Efetivo;N√£o informado;09/08/2023
Confidencial;Engenheiro de Dados;Rio de Jan... - RJ;Presencial;Efetivo;Tamb√©m p/ PcD;09/08/2023
Minsait an Indra Company;Pessoa Engenheira de Dados S√™nior   ;Goi√¢nia - GO;Presencial;Efetivo;Tamb√©m p/ PcD;09/08/2023
Kangu;Analista de Dados PL;Osasco - SP;Presencial;Efetivo;Tamb√©m p/ PcD;09/08/2023
GAVB ;Pessoa Engenheira de dados - [Especialista I - Tec];N√£o informado;Remoto;Efetivo;N√£o informado;09/08/2023
Fa√ßa parte do time Mercantil;Assistente de Dados - RH;Belo Horiz... - MG;Presencial;Efetivo;Tamb√©m p/ PcD;09/08/2023
EtheriumTech - Cloud & Data Center;Administrador de Banco de Dados - DBA;Barueri - SP;Presencial;Associado;Tamb√©m p/ PcD;09/08/2023
Afya ;AFYA SP | Pessoa Estagi√°ria em Ci√™ncias de Dados - Vaga afirmativa para Pessoas com Defici√™ncia (PCD);S√£o Paulo - SP;Remoto;Est√°gio;Tamb√©m p/ PcD;08/08/2023
Seja Globalweb;ANALISTA DE BANCO DE DADOS SR;Fortaleza - CE;Presencial;Efetivo;Tamb√©m p/ PcD;08/08/2023
SindiLojas Porto Alegre;Analista de Dados - Economista;Porto Alegre - RS;Presencial;Efetivo;N√£o informado;08/08/2023
Vetta Tecnologia;Analista de Dados - S√™nior ;Belo Horiz... - MG;Remoto;Efetivo;Tamb√©m p/ PcD;08/08/2023
V.tal | o futuro passa por aqui;Engenheiro de Dados I;S√£o Paulo - SP;Presencial;Efetivo;Tamb√©m p/ PcD;08/08/2023
Ita√∫ Unibanco;Carreiras de Dados  üß° Exclusiva para Profissionais com Defici√™ncia ;Sao Paulo - SP;Presencial;Efetivo;Tamb√©m p/ PcD;08/08/2023
NAVA | Technology for Business;PESSOA ENGENHEIRA DE DADOS    ;N√£o informado;Remoto;Efetivo;Tamb√©m p/ PcD;08/08/2023
NAVA | Technology for Business;PESSOA ENGENHEIRA DE DADOS ;N√£o informado;Remoto;Efetivo;Tamb√©m p/ PcD;08/08/2023
Bridge & Co.;Analista de Dados Pleno/S√™nior (BI) ;Rio de Jan... - RJ;Presencial;Efetivo;Tamb√©m p/ PcD;08/08/2023
NAVA | Technology for Business;PESSOA ENGENHEIRA DE DADOS  ;N√£o informado;Remoto;Efetivo;Tamb√©m p/ PcD;08/08/2023
KOVR;Analista de Dados Pleno;S√£o Paulo - SP;Presencial;Efetivo;Tamb√©m p/ PcD;08/08/2023
NAVA | Technology for Business;PESSOA ENGENHEIRA DE DADOS   ;N√£o informado;Remoto;Efetivo;Tamb√©m p/ PcD;08/08/2023
NAVA | Technology for Business;PESSOA ENGENHEIRA DE DADOS  ;N√£o informado;Remoto;Efetivo;Tamb√©m p/ PcD;08/08/2023
CTC;Administrador de Banco de Dados (Remoto) ;Rio de Jan... - RJ;Remoto;Efetivo;Tamb√©m p/ PcD;08/08/2023
NAVA | Technology for Business;PESSOA ENGENHEIRA DE DADOS ;N√£o informado;Remoto;Efetivo;Tamb√©m p/ PcD;08/08/2023
Lojas Renner;Analista de Dados | Insights de Neg√≥cios;S√£o Paulo - SP;Presencial;Efetivo;Tamb√©m p/ PcD;08/08/2023
JDC Tech;Engenheiro de Dados Pleno/S√™nior ;N√£o informado;Remoto;Pessoa Jur√≠dica;Tamb√©m p/ PcD;08/08/2023
Light;Analista de Dados Junior;Rio de Jan... - RJ;Presencial;Efetivo;Tamb√©m p/ PcD;07/08/2023
YDUQS - Vagas Tech;PESSOA ESPECIALISTA (ENGENHEIRO DE DADOS);Rio de Jan... - RJ;Presencial;Efetivo;Tamb√©m p/ PcD;07/08/2023
MESHA TECNOLOGIA;L√≠der T√©cnico (Dados) - H√≠brido ;Macei√≥ - AL;Presencial;Efetivo;Tamb√©m p/ PcD;07/08/2023
3CON | IT & Digital;Analista de Banco de Dados PostgreSQL ;S√£o Paulo - SP;Presencial;Efetivo;Tamb√©m p/ PcD;07/08/2023
Bip Brasil;Analista de Dados Pleno - Manufacturing ;S√£o Paulo - SP;Remoto;Efetivo;Tamb√©m p/ PcD;07/08/2023
MESHA TECNOLOGIA;Analista de Dados - H√≠brido (Macei√≥);Macei√≥ - AL;Presencial;Efetivo;Tamb√©m p/ PcD;07/08/2023
Stefanini Group;Cientista de Dados Pleno;Belo Horiz... - MG;Remoto;Efetivo;Tamb√©m p/ PcD;07/08/2023
Stefanini Group;Cientista de Dados Jr;Belo Horiz... - MG;Remoto;Efetivo;Tamb√©m p/ PcD;07/08/2023
Digio;Estagi√°rio de Dados e MIS;Barueri - SP;Remoto;Est√°gio;Tamb√©m p/ PcD;07/08/2023
Stefanini Group;Analista de Dados;S√£o Jos√© d... - SP;Presencial;Efetivo;N√£o informado;07/08/2023
Superl√≥gica Tecnologias ;Pessoa Analista de Marketing Pleno - Foco em Dados;Londrina - PR;Remoto;Efetivo;Tamb√©m p/ PcD;07/08/2023
Omie;Engenheiro de Dados II;S√£o Paulo - SP;Remoto;Efetivo;Tamb√©m p/ PcD;07/08/2023
Conexia;Administrador de Banco de Dados;Ribeir√£o P... - SP;Remoto;Efetivo;Tamb√©m p/ PcD;07/08/2023
Montreal & Tecnologia & Inova√ß√£o;Administrador de Banco de Dados ADABAS/NATURAL - Regional RJ;Rio de Jan... - RJ;Presencial;Efetivo;N√£o informado;07/08/2023
V360;V360 - Est√°gio em Processos e Projetos, Dados e Gente e Gest√£o - ChegaMais;N√£o informado;Remoto;Est√°gio;Tamb√©m p/ PcD;06/08/2023
Stefanini Group;ADMINISTRADOR DADOS SR - AD;Bras√£∆í√¢¬çlia - DF;Remoto;Efetivo;Tamb√©m p/ PcD;04/08/2023
Tech Sicredi;Cientista de Dados - Foco em Investimentos;Porto Alegre - RS;Remoto;Efetivo;N√£o informado;04/08/2023
inventCloud;Cientista de Dados Especialista em Oracle  - OCI;S√£o Paulo - SP;Remoto;Pessoa Jur√≠dica;N√£o informado;04/08/2023
NAVA | Technology for Business;Pessoa Engenheira de Dados;S√£o Paulo - SP;Presencial;Efetivo;Tamb√©m p/ PcD;04/08/2023
Brasilseg;Especialista em Ci√™ncia de Dados / Data Science Specialist / Cientista de Dados / Data Scientist ;S√£o Paulo - SP;Presencial;Efetivo;Tamb√©m p/ PcD;04/08/2023
ACE Ventures;Est√°gio de Intelig√™ncia de Dados;S√£o Paulo - SP;Remoto;Est√°gio;Tamb√©m p/ PcD;03/08/2023
Contabilizei Carreira Tech ;Engenheiro de Dados S√™nior ;N√£o informado;Remoto;Efetivo;Tamb√©m p/ PcD;03/08/2023
Contabilizei Carreira Tech ;Analista de Dados Pleno ;N√£o informado;Remoto;Efetivo;Tamb√©m p/ PcD;03/08/2023
Rede Verbita de Educa√ß√£o;Analista de Dados J√∫nior;Belo Horiz... - MG;Presencial;Efetivo;Tamb√©m p/ PcD;03/08/2023
CNP Seguradora;ESPECIALISTA DE DADOS;Barueri - SP;Presencial;Efetivo;Tamb√©m p/ PcD;03/08/2023
Confidencial;ANALISTA BUSINESS INTELLIGENCE PLENO  - DADOS;Rio de Jan... - RJ;Presencial;Efetivo;Tamb√©m p/ PcD;03/08/2023
Nordica;Engenheiro de Dados;S√£o Paulo - SP;Remoto;Efetivo;Tamb√©m p/ PcD;03/08/2023
Venha fazer parte da revolu√ß√£o da log√≠stica e mobilidade no mundo!;People Ops Sr - Analista de Dados e Projetos;S√£o Paulo - SP;Presencial;Efetivo;Tamb√©m p/ PcD;03/08/2023
Venha fazer parte da revolu√ß√£o da log√≠stica e mobilidade no mundo!;People Ops Pl - Analista de Dados e Projetos;S√£o Paulo - SP;Presencial;Efetivo;Tamb√©m p/ PcD;03/08/2023
Aramis;Engenheiro de Dados - TI ;S√£o Paulo - SP;Presencial;Efetivo;Tamb√©m p/ PcD;03/08/2023
Grupo Panvel;Analista de Planejamento Financeiro - √änfase em dados;Eldorado d... - RS;Presencial;Efetivo;Tamb√©m p/ PcD;03/08/2023
Central IT;ANALISTA DE BANCO DE DADOS PLENO;N√£o informado;Presencial;Efetivo;Tamb√©m p/ PcD;03/08/2023
Voke;Supervisor de Dados - S√£o Paulo;S√£o Paulo - SP;Presencial;Efetivo;Tamb√©m p/ PcD;03/08/2023
GAVB ;Pessoa Especialista em Governan√ßa de Dados I;N√£o informado;Remoto;Efetivo;N√£o informado;03/08/2023
Stefanini Group;Pessoa Engenheira de Dados;N√£o informado;Remoto;Efetivo;Tamb√©m p/ PcD;02/08/2023
BETC HAVAS;Supervisor(a) de dados;S√£o Paulo - SP;Presencial;Efetivo;N√£o informado;02/08/2023
Infotec Brasil;Banco de Talentos - Engenheiro de Dados  - Engenheiro de Aplica√ß√£o;Rio de Jan... - RJ;Presencial;Efetivo;Tamb√©m p/ PcD;02/08/2023
Infotec Brasil;Banco de Talentos - Engenheiro de Dados ;Rio de Jan... - RJ;Presencial;Efetivo;Tamb√©m p/ PcD;02/08/2023
Dotz;ANALISTA DE DADOS J√öNIOR | RECUPERA√á√ÉO DE CR√âDITO ;S√£o Paulo - SP;Presencial;Efetivo;Tamb√©m p/ PcD;02/08/2023
Vagas Valgroup;Analista de Dados;Lorena - SP;Presencial;Efetivo;Tamb√©m p/ PcD;02/08/2023
Vagas MRM Brasil;Analista de Dados Pleno Data Visualization (DATAVIS) - Freelancer;S√£o Paulo - SP;Presencial;Freelancer;Tamb√©m p/ PcD;02/08/2023
Vagas MRM Brasil;Analista de Dados Pleno Machine Learning (ML) - Freelancer;S√£o Paulo - SP;Presencial;Freelancer;Tamb√©m p/ PcD;02/08/2023
Senff;Analista de Dados Pleno;Curitiba - PR;Presencial;Efetivo;Tamb√©m p/ PcD;02/08/2023
Ita√∫ Unibanco;Fa√ßa sua Carreira de Dados no Ita√∫ üöÄüß° ;Sao Paulo - SP;Presencial;Efetivo;Tamb√©m p/ PcD;02/08/2023
Qexpert ;Analista de Dados J√∫nior;S√£o Paulo - SP;Remoto;Efetivo;Tamb√©m p/ PcD;02/08/2023
Infotec Brasil;Analista de Dados - Maca√©/RJ;Maca√© - RJ;Presencial;Efetivo;Tamb√©m p/ PcD;02/08/2023
Quero Educa√ß√£o;Analista de Dados | J√∫nior;S√£o Jos√© d... - SP;Presencial;Efetivo;Tamb√©m p/ PcD;01/08/2023
PTC GROUP;Administrador de Dados;S√£o Paulo - SP;Remoto;Pessoa Jur√≠dica;Tamb√©m p/ PcD;01/08/2023
V8.TECH;Pessoa Arquiteta de Governan√ßa de Dados;N√£o informado;Remoto;Pessoa Jur√≠dica;Tamb√©m p/ PcD;01/08/2023
Portobello;Pessoa Especialista em Engenharia de Dados;Florian√≥polis - SC;Presencial;Efetivo;Tamb√©m p/ PcD;01/08/2023
Strattner;Analista de Dados (SP/RJ/SC);Palho√ßa - SC;Presencial;Efetivo;N√£o informado;01/08/2023
Colormaq;Analista de Dados E-commerce;S√£o Paulo - SP;Presencial;Efetivo;Tamb√©m p/ PcD;01/08/2023
Seja Globalweb;ANALISTA DE BANCO DE DADOS PL;Fortaleza - CE;Presencial;Efetivo;Tamb√©m p/ PcD;01/08/2023
Smarthis;Cientista de Dados Junior;Rio de Jan... - RJ;Remoto;Efetivo;Tamb√©m p/ PcD;31/07/2023
Smarthis;Cientista de Dados S√™nior;Rio de Jan... - RJ;Remoto;Efetivo;Tamb√©m p/ PcD;31/07/2023
Smarthis;Engenheiro de Dados;Rio de Jan... - RJ;Remoto;Efetivo;Tamb√©m p/ PcD;31/07/2023
YDUQS - Vagas Tech;PESSOA CIENTISTA DE DADOS (ESPECIALISTA);Rio de Jan... - RJ;Remoto;Efetivo;Tamb√©m p/ PcD;31/07/2023
YDUQS - Vagas Tech;PESSOA ENGENHEIRA DE DADOS (ESPECIALISTA);Rio de Jan... - RJ;Remoto;Efetivo;Tamb√©m p/ PcD;31/07/2023
alt.bank;Pessoa Cientista de Dados;S√£o Paulo - SP;Remoto;Pessoa Jur√≠dica;Tamb√©m p/ PcD;31/07/2023
Globo;Analista de Dados Pleno | Intelig√™ncia de Mercado - Dados & Servi√ßos;S√£o Paulo - SP;Presencial;Efetivo;Tamb√©m p/ PcD;31/07/2023
V4 Company;Analista de Dados Pleno | Time de Dados;S√£o Leopoldo - RS;Presencial;Pessoa Jur√≠dica;N√£o informado;31/07/2023
Leega Consultoria;Engenheiro de Dados Azure Sr. ( Ingl√™s & Espanhol);S√£o Paulo - SP;Remoto;Efetivo;N√£o informado;31/07/2023
OMNI SA√öDE;Analista de Dados & PowerBI;Goi√¢nia - GO;Presencial;Pessoa Jur√≠dica;Tamb√©m p/ PcD;31/07/2023
N√∫clea;Analista de Gest√£o de Dados Sr;S√£o Paulo - SP;Presencial;Efetivo;Tamb√©m p/ PcD;31/07/2023
Webedia Brasil;Analista de Dados Comerciais;S√£o Paulo - SP;Presencial;Efetivo;Tamb√©m p/ PcD;31/07/2023
ITAPEVA Recupera√ß√£o de Cr√©ditos ;Trainee de Banco de Dados;S√£o Paulo - SP;Presencial;Efetivo;N√£o informado;31/07/2023
Ra√≠zen ;Analista de Dados S√™nior | Shell Box - Remoto ;S√£o Paulo - SP;Remoto;Efetivo;N√£o informado;31/07/2023
GLOBAL HITSS;13420-Pessoa Administradora de Banco de Dados;S√£o Paulo - SP;Presencial;Efetivo;N√£o informado;28/07/2023
Zallpy Digital;Est√°gio de An√°lise de dados ;Porto Alegre - RS;Remoto;Est√°gio;Tamb√©m p/ PcD;28/07/2023
Join Tecnologia & Design;Analista de Dados JR;Bras√≠lia - DF;Remoto;Efetivo;Tamb√©m p/ PcD;28/07/2023
Vibra Energia;Gerente de Relacionamento com o Cliente - CRM e Dados ;Rio de Jan... - RJ;Presencial;Efetivo;Tamb√©m p/ PcD;28/07/2023
NAVA | Technology for Business;PESSOA ENGENHEIRA DE DADOS SR ;S√£o Paulo - SP;Presencial;Efetivo;Tamb√©m p/ PcD;28/07/2023
Vagas MRM Brasil;Analista de Dados Pleno (AD) FREELANCER;S√£o Paulo - SP;Remoto;Freelancer;Tamb√©m p/ PcD;27/07/2023
Energisa TECH;ANL BANCO DADOS I;Cataguases - MG;Presencial;Efetivo;Tamb√©m p/ PcD;27/07/2023
Porto;Cientista de Dados Sr;S√£o Paulo - SP;Presencial;Efetivo;Tamb√©m p/ PcD;27/07/2023
Banco Bmg;Coordena√ß√£o em Ci√™ncia de Dados - IA;S√£o Paulo - SP;Presencial;Efetivo;Tamb√©m p/ PcD;27/07/2023
Central IT;Analista de banco de Dados;Bras√≠lia - DF;Presencial;Efetivo;Tamb√©m p/ PcD;27/07/2023
Central Ailos;Analista de Gest√£o de Projetos II - Foco em Dados;Blumenau - SC;Presencial;Efetivo;Tamb√©m p/ PcD;27/07/2023
V8.TECH;Analista de Banco de Dados Oracle - S√™nior;N√£o informado;Presencial;Pessoa Jur√≠dica;N√£o informado;27/07/2023
Stefanini Group;Analista de redes e de comunica√ß√£o de dados S√™nior - RJ;N√£o informado;Presencial;Efetivo;Tamb√©m p/ PcD;27/07/2023
Vibra Energia;Cientista de Dados Sr;Rio de Jan... - RJ;Presencial;Efetivo;Tamb√©m p/ PcD;27/07/2023
Stefanini Group;Administrador de banco de dados S√™nior - ;N√£o informado;Presencial;Efetivo;Tamb√©m p/ PcD;27/07/2023
Stefanini Group;Administrador de Banco de Dados Pleno ;N√£o informado;Presencial;Efetivo;Tamb√©m p/ PcD;27/07/2023
Seja Globalweb;ANALISTA DE BANCO DE DADOS SR ;Bras√≠lia - DF;Presencial;Pessoa Jur√≠dica;Tamb√©m p/ PcD;27/07/2023
Seja Globalweb;ANALISTA DE INFRAESTRUTURA PL (SUPORTE EM AN√ÅLISE DE BANCO DE DADOS DE CAPACIDADE);Fortaleza - CE;Presencial;Efetivo;Tamb√©m p/ PcD;27/07/2023
Localiza&Co;ESPECIALISTA EM ENGENHARIA DE DADOS I;Belo Horiz... - MG;Remoto;Efetivo;N√£o informado;27/07/2023
Localiza&Co;ENGENHEIRO DE DADOS III;Belo Horiz... - MG;Remoto;Efetivo;N√£o informado;27/07/2023
DB;Dev Node.js - Segmento de Intelig√™ncia de Dados;S√£o Paulo - SP;Remoto;Efetivo;Tamb√©m p/ PcD;26/07/2023
MTP M√©todos e Tecnologia ‚Äì Brasil;534 - Trainee Inova√ß√£o & Dados;S√£o Paulo - SP;Presencial;Efetivo;N√£o informado;26/07/2023
Central Ailos;Administrador de Banco de Dados III - Foco em Oracle;Blumenau - SC;Remoto;Efetivo;Tamb√©m p/ PcD;26/07/2023
MESHA TECNOLOGIA;Analista de Dados;Macei√≥ - AL;Remoto;Efetivo;Tamb√©m p/ PcD;26/07/2023
Leega Consultoria;Engenheiro de Dados GCP S√™nior (Big Query / DataFlow);Barueri - SP;Remoto;Pessoa Jur√≠dica;N√£o informado;26/07/2023
VR;ESPECIALISTA EM CI√äNCIA DE DADOS;S√£o Paulo - SP;Presencial;Efetivo;Tamb√©m p/ PcD;25/07/2023
Talentos Hapvida;Oportunidade Interna - Analista de Dados Junior - Auditoria Interna;Fortaleza - CE;Presencial;Efetivo;Tamb√©m p/ PcD;25/07/2023
Vitru Education;Professor-Autor - Ci√™ncia de Dados, Intelig√™ncia Artificial e Novas Tecnologias;Florian√≥polis - SC;Remoto;Aut√¥nomo;Tamb√©m p/ PcD;25/07/2023
Neos;Analista de BI/Dados Pleno;S√£o Paulo - SP;Remoto;Pessoa Jur√≠dica;Tamb√©m p/ PcD;25/07/2023
Hapvida NotreDame Interm√©dica;Analista de Dados Junior - Auditoria Interna;Fortaleza - CE;Presencial;Efetivo;Tamb√©m p/ PcD;25/07/2023
NC Tech;Banco de Talentos - Especialista em Dados;Hortol√¢ndia - SP;Presencial;Banco de Talentos;Tamb√©m p/ PcD;25/07/2023
V.tal | o futuro passa por aqui;Analista de Dados (Performance Operacional) - Porto Alegre/RS;N√£o informado;Presencial;Efetivo;N√£o informado;25/07/2023
Hospital S√£o Lucas da PUCRS;CIENTISTA DE DADOS S√äNIOR;Porto Alegre - RS;Presencial;Efetivo;Tamb√©m p/ PcD;25/07/2023
SLC Agr√≠cola;Analista de Suprimentos (Intelig√™ncia de dados);Porto Alegre - RS;Presencial;Efetivo;Tamb√©m p/ PcD;25/07/2023
PreparaRH;Analista de Dados J√∫nior ;Ara√ßatuba - SP;Presencial;Efetivo;Tamb√©m p/ PcD;25/07/2023
Afya ;AFYA BH | Analista de Dados Educacionais S√™nior;Belo Horiz... - MG;Presencial;Efetivo;Tamb√©m p/ PcD;25/07/2023
GAV Resorts;Estagio em Ci√™ncias de Dados;Goi√¢nia - GO;Presencial;Efetivo;Tamb√©m p/ PcD;24/07/2023
Unicred Central RJ/MT;Estagi√°rio em An√°lise de Dados;Rio de Jan... - RJ;Presencial;Est√°gio;N√£o informado;24/07/2023
JDC Tech;Engenheiro de Dados Pleno;N√£o informado;Remoto;Efetivo;Tamb√©m p/ PcD;24/07/2023
Empresa de Tecnologia;Engenheiro de Dados;S√£o Paulo - SP;Remoto;Efetivo;Tamb√©m p/ PcD;21/07/2023
Atento TI;Analista de Dados Pleno - S√£o Paulo - H√≠brido;N√£o informado;Presencial;Efetivo;Tamb√©m p/ PcD;21/07/2023
Vagas MRM Brasil;Diretora de Estrat√©gia e Dados - Foco CRM;S√£o Paulo - SP;Presencial;Efetivo;Tamb√©m p/ PcD;21/07/2023
Claro; Cientista De Dados J√∫nior ;Sao Paulo - SP;Presencial;Efetivo;N√£o informado;21/07/2023
GAVB ;Pessoa Engenheira de dados III;N√£o informado;Remoto;Efetivo;N√£o informado;21/07/2023
Cidade Center Norte;Advogado(a) S√™nior (Compliance, Integridade e Privacidade de Dados) ;S√£o Paulo - SP;Presencial;Efetivo;Tamb√©m p/ PcD;21/07/2023
GRUPO LUIZ HOHL / CASA DO PICA PAU;Analista de Dados;Goi√¢nia - GO;Remoto;Efetivo;Tamb√©m p/ PcD;21/07/2023
Bip Brasil;Pessoa Engenheira de Dados S√™nior - Servi√ßos Financeiros ;S√£o Paulo - SP;Remoto;Efetivo;Tamb√©m p/ PcD;21/07/2023
Locaweb; Analista de Dados Jr - modelo de trabalho h√≠brido (vaga exclusiva para PCD);S√£o Paulo - SP;Presencial;Efetivo;Tamb√©m p/ PcD;20/07/2023
DUX Nutrition Lab;Analista de Dados Pleno;S√£o Paulo - SP;Presencial;Efetivo;Tamb√©m p/ PcD;20/07/2023
Cielo;Engenheiro de Dados;Barueri - SP;Remoto;Efetivo;Tamb√©m p/ PcD;20/07/2023
DUX Nutrition Lab;Analista de Dados S√™nior;S√£o Paulo - SP;Presencial;Efetivo;Tamb√©m p/ PcD;20/07/2023
Leve Sa√∫de;Cientista de Dados;Rio de Jan... - RJ;Remoto;Efetivo;Tamb√©m p/ PcD;20/07/2023
MAGNA SISTEMAS;5180343 | Analista de Dados PL;S√£o Paulo - SP;Presencial;Efetivo;Tamb√©m p/ PcD;20/07/2023
Cacau Show;Analista de Banco de Dados S√™nior;Itapevi - SP;Remoto;Efetivo;Tamb√©m p/ PcD;20/07/2023
Cacau Show;Analista de Banco de Dados Pleno;Itapevi - SP;Remoto;Efetivo;Tamb√©m p/ PcD;20/07/2023
Musa Tecnologia ;Pessoa Analista de Dados Pleno;S√£o Paulo - SP;Presencial;Efetivo;Tamb√©m p/ PcD;20/07/2023
Getrak.com;Head de Dados;Belo Horiz... - MG;Remoto;Efetivo;Tamb√©m p/ PcD;19/07/2023
Corporativo - Agibank;ANALISTA DE PRIVACIDADE DE DADOS PLENO (HIBRIDO CAMPINAS/SP);Campinas - SP;Presencial;Efetivo;N√£o informado;19/07/2023
Fa√ßa parte do time Mercantil;Analista de Dados Cliente Junior ;Belo Horiz... - MG;Presencial;Efetivo;Tamb√©m p/ PcD;18/07/2023
Stefanini Group;ADMINISTRADOR BANCO DADOS PL;Sao Paulo - SP;Presencial;Efetivo;Tamb√©m p/ PcD;18/07/2023
YDUQS;PESSOA COORDENADORA DE ANALISE DE DADOS;Rio de Jan... - RJ;Presencial;Efetivo;Tamb√©m p/ PcD;18/07/2023
Monte Carlo Joias;Estagi√°rio de An√°lise de Dados;Rio de Jan... - RJ;Presencial;Est√°gio;Tamb√©m p/ PcD;18/07/2023
Supernova;Analista de Dados ;Goi√¢nia - GO;Presencial;Efetivo;N√£o informado;18/07/2023
Talentos Hapvida;Oportunidade Interna - Analista de Dados Pl;Fortaleza - CE;Presencial;Banco de Talentos;Tamb√©m p/ PcD;18/07/2023
Hapvida NotreDame Interm√©dica;Analista de Dados Pl;Fortaleza - CE;Presencial;Banco de Talentos;Tamb√©m p/ PcD;18/07/2023
Recrutamento para √°rea de tecnologia com Fit Cultural e Ader√™ncia T√©cnica.;Gerente de Dados				;S√£o Paulo - SP;Remoto;Efetivo;N√£o informado;17/07/2023
Soma;Analista de Dados e Melhoria Cont√≠nua S√™nior;S√£o Paulo - SP;Remoto;Efetivo;Tamb√©m p/ PcD;17/07/2023
Visagio;Visagio Talentos - Est√°gio: Tecnologia | Automa√ß√£o e Dados Recife;Recife - PE;Presencial;Est√°gio;Tamb√©m p/ PcD;17/07/2023
Visagio;Visagio Talentos - Est√°gio: Tecnologia | Automa√ß√£o e Dados Fortaleza;Fortaleza - CE;Presencial;Est√°gio;Tamb√©m p/ PcD;17/07/2023
Visagio;Visagio Talentos - Est√°gio: Tecnologia | Automa√ß√£o e Dados SP;S√£o Paulo - SP;Presencial;Est√°gio;Tamb√©m p/ PcD;17/07/2023
The Bridge Vagas;Analista de Dados SR - H√≠brido (S√£o Paulo/SP);S√£o Paulo - SP;Presencial;Efetivo;Tamb√©m p/ PcD;17/07/2023
Visagio;Visagio Talentos - Est√°gio: Tecnologia | Automa√ß√£o e Dados RJ;Rio de Jan... - RJ;Presencial;Est√°gio;Tamb√©m p/ PcD;17/07/2023
GLOBAL HITSS;13264-Pessoa Administradora de Banco de Dados;Bras√≠lia - DF;Presencial;Efetivo;N√£o informado;17/07/2023
GLOBAL HITSS;13268-Pessoa Administradora de Banco de Dados;Bras√≠lia - DF;Presencial;Efetivo;N√£o informado;17/07/2023
CantuStore;Engenheiro de Dados PL;Itaja√≠ - SC;Presencial;Efetivo;Tamb√©m p/ PcD;17/07/2023
Vem ser Tahto;ANALISTA SENIOR DE DADOS E INDICADORES DA QUALIDADE - GOI√ÇNIA/GO | STAFF;Goi√¢nia - GO;Presencial;Efetivo;Tamb√©m p/ PcD;14/07/2023
GnTech ;Analista de Dados ;Florian√≥polis - SC;Presencial;Efetivo;N√£o informado;14/07/2023
GLOBAL HITSS;13124-Pessoa Engenheira de Dados;S√£o Paulo - SP;Presencial;Efetivo;Tamb√©m p/ PcD;14/07/2023
Afya ;PEBMED | Analista de Dados J√∫nior (Vaga Exclusiva para Profissionais com Defici√™ncia);Rio de Jan... - RJ;Remoto;Efetivo;Tamb√©m p/ PcD;14/07/2023
Oportunidades T-Systems;ANALISTA BANCO DE DADOS - ORACLE ;Sao Bernar... - SP;Remoto;Efetivo;Tamb√©m p/ PcD;14/07/2023
Wake;Especialista em Banco de Dados (DBA) - Modelo de Trabalho H√≠brido;N√£o informado;Presencial;Efetivo;Tamb√©m p/ PcD;14/07/2023
wemobi;Est√°gio em Gerenciamento de Dados Comerciais;Barueri - SP;Presencial;Est√°gio;N√£o informado;14/07/2023
Ambipar Response ES S/A;AMBIPAR RESPONSE CONTROL - Analista de Dados - Homeoffice;Vit√≥ria - ES;Remoto;Efetivo;Tamb√©m p/ PcD;14/07/2023
Stormx;Pessoa Engenheira de Dados;S√£o Paulo - SP;Remoto;Pessoa Jur√≠dica;N√£o informado;14/07/2023
Cielo;Analista S√™nior em Governan√ßa de Dados;Barueri - SP;Remoto;Efetivo;Tamb√©m p/ PcD;14/07/2023
GLOBAL HITSS;13259-Pessoa Administradora de Dados;Bras√≠lia - DF;Presencial;Efetivo;N√£o informado;13/07/2023
GLOBAL HITSS;13260-Pessoa Administradora de Dados;Bras√≠lia - DF;Presencial;Efetivo;N√£o informado;13/07/2023
Ra√≠zen ;Cientista de Dados- Combust√≠veis;S√£o Paulo - SP;Presencial;Efetivo;Tamb√©m p/ PcD;13/07/2023
Addebirare;Analista de Dados | Planejamento Comercial;S√£o Paulo - SP;Presencial;Efetivo;Tamb√©m p/ PcD;13/07/2023
Sicoob MaxiCr√©dito: viva conosco a ess√™ncia do Cooperativismo!;Analista de Recupera√ß√£o de Cr√©dito | foco em dados;Chapec√≥ - SC;Presencial;Efetivo;Tamb√©m p/ PcD;13/07/2023
Join Tecnologia & Design;Analista de Dados (Python);Bras√≠lia - DF;Remoto;Efetivo;Tamb√©m p/ PcD;12/07/2023
Leega Consultoria;Engenheiro de Dados GCP - S√™nior;S√£o Paulo - SP;Remoto;Efetivo;N√£o informado;12/07/2023
Seja Every seguran√ßa da informa√ß√£o cybersecurity Every #SerFeliz LGPD GRC gerenciamento de risco inova√ß√£o Every TI VempraEvery Vem pra Every ;Analista J√∫nior de Privacidade de Dados;Bras√≠lia - DF;Presencial;Efetivo;N√£o informado;12/07/2023
GT Group;Est√°gio em An√°lise de Dados;Florian√≥polis - SC;Remoto;Est√°gio;Tamb√©m p/ PcD;11/07/2023
Bip Brasil;Pessoa Especialista em Ci√™ncia de Dados;S√£o Paulo - SP;Remoto;Efetivo;Tamb√©m p/ PcD;11/07/2023
Bip Brasil;Pessoa Cientista de Dados S√™nior - Valida√ß√£o de Modelos;S√£o Paulo - SP;Remoto;Efetivo;Tamb√©m p/ PcD;11/07/2023
Trabalhe na Mills;Especialista de Dados;S√£o Paulo - SP;Presencial;Efetivo;Tamb√©m p/ PcD;11/07/2023
IPNET Growth Partner;Engenheiro de Dados S√™nior ;Rio de Jan... - RJ;Presencial;Efetivo;Tamb√©m p/ PcD;10/07/2023
Barcelos;Assistente de Intelig√™ncia de dados;Campos dos... - RJ;Presencial;Efetivo;N√£o informado;10/07/2023
Foresea;Analista de Dados I | Data Analyst I;Maca√© - RJ;Remoto;Efetivo;Tamb√©m p/ PcD;09/07/2023
Getnet Brasil;Pessoa Arquiteta de Dados;S√£o Paulo - SP;Presencial;Efetivo;Tamb√©m p/ PcD;07/07/2023
Getnet Brasil;Pessoa Engenheira de Dados PL;S√£o Paulo - SP;Presencial;Efetivo;Tamb√©m p/ PcD;07/07/2023
Globo;Analista de Banco de Dados | DBDevOps ;Rio de Jan... - RJ;Remoto;Efetivo;N√£o informado;07/07/2023
UOL EdTech;Analista de Dados e BI Pl.;Sao Paulo - SP;Presencial;Efetivo;N√£o informado;07/07/2023
Ajinomoto do Brasil;Analista de Dados & Intelig√™ncia comercial;S√£o Paulo - SP;Presencial;Efetivo;N√£o informado;07/07/2023
VIACERTA Banking;Cientista de Dados S√™nior;Santo Cristo - RS;Remoto;Efetivo;Tamb√©m p/ PcD;07/07/2023
GLOBAL HITSS;11619-Analista de Dados (BI);Campinas - SP;Presencial;Efetivo;Tamb√©m p/ PcD;06/07/2023
Ambev Tech;Engenharia de Dados - Financeiro (Anaplan);N√£o informado;Presencial;Efetivo;Tamb√©m p/ PcD;06/07/2023
GOVERNAN√áABRASIL - GOVBR;Analista de Dados Jr;Blumenau - SC;Remoto;Efetivo;Tamb√©m p/ PcD;06/07/2023
ORIZON VR;Analista de Dados ;S√£o Paulo - SP;Presencial;Efetivo;N√£o informado;06/07/2023
Algar Telecom;Pessoa Analista de Seguran√ßa da Informa√ß√£o II (Aplica√ß√µes e Dados);Uberlandia - MG;Remoto;Associado;Tamb√©m p/ PcD;06/07/2023
JBS;Analista de BI/Dados ‚Äì S√™nior/Especialista ;S√£o Paulo - SP;Presencial;Efetivo;N√£o informado;06/07/2023
Unicred Central Conex√£o;Cientista de Dados | Florian√≥polis;Florian√≥polis - SC;Presencial;Efetivo;Tamb√©m p/ PcD;06/07/2023
Porto;Cientista de Dados J√∫nior ‚Äì Pesquisa Operacional;S√£o Paulo - SP;Presencial;Efetivo;Tamb√©m p/ PcD;05/07/2023
Energisa TECH;ENGENHEIRO DADOS I;Rio de Jan... - RJ;Presencial;Efetivo;Tamb√©m p/ PcD;05/07/2023
Claranet Brasil;Administrador (a) de Banco de Dados Oracle Sr.;Barueri - SP;Presencial;Efetivo;Tamb√©m p/ PcD;05/07/2023
J&T Express Brasil;Analista de dados ;Florian√≥polis - SC;Presencial;Efetivo;Tamb√©m p/ PcD;05/07/2023
HS FINANCEIRA S/A - CFI;Analista de Dados JR - HS Financeira;Dois Irm√£os - RS;Presencial;Efetivo;Tamb√©m p/ PcD;04/07/2023
Vem ser Tahto;ESPECIALISTA EM ENGENHARIA DE DADOS - GOI√ÇNIA/GO | STAFF;Goi√¢nia - GO;Remoto;Efetivo;Tamb√©m p/ PcD;04/07/2023
Unidades V4 Company; Analista de Dados - RPZ & Co (Presencial);S√£o Jos√© d... - SP;Presencial;Pessoa Jur√≠dica;N√£o informado;03/07/2023
Stefanini Group;Administrador de Dados;N√£o informado;Remoto;Efetivo;Tamb√©m p/ PcD;03/07/2023
Minsait an Indra Company;Engenheiro de Dados S√™nior;Goiania - GO;Presencial;Efetivo;Tamb√©m p/ PcD;03/07/2023
N√∫clea;Assistente de An√°lise de Dados - Vaga PCD;S√£o Paulo - SP;Presencial;Efetivo;Tamb√©m p/ PcD;30/06/2023
Contabilizei;Analista de Dados Pleno;N√£o informado;Remoto;Efetivo;Tamb√©m p/ PcD;30/06/2023
Cogna Educa√ß√£o;ENGENHEIRO DADOS IV - AD.1282;S√£o Paulo - SP;Remoto;Efetivo;N√£o informado;29/06/2023
Saber Educa√ß√£o;ANALISTA DE DADOS III ;S√£o Paulo - SP;Presencial;Efetivo;N√£o informado;29/06/2023
NAVA | Technology for Business;PESSOA ANALISTA DE DADOS SR - Riscos/Intelig√™ncia;S√£o Paulo - SP;Presencial;Efetivo;Tamb√©m p/ PcD;28/06/2023
Cielo;Analista de Dados Sr;Barueri - SP;Remoto;Efetivo;Tamb√©m p/ PcD;28/06/2023
REDE CACIQUE;FRENTISTA  - Baixa Grande do Ribeiro/PI (BANCO DE DADOS);Baixa Gran... - PI;Presencial;Banco de Talentos;Tamb√©m p/ PcD;28/06/2023
Samsung SDS Latin America;Cientista de Dados;S√£o Paulo - SP;Presencial;Efetivo;Tamb√©m p/ PcD;27/06/2023
Seja Every seguran√ßa da informa√ß√£o cybersecurity Every #SerFeliz LGPD GRC gerenciamento de risco inova√ß√£o Every TI VempraEvery Vem pra Every ;Analista S√™nior de Privacidade de Dados;Bras√≠lia - DF;Presencial;Efetivo;N√£o informado;27/06/2023
Seja Every seguran√ßa da informa√ß√£o cybersecurity Every #SerFeliz LGPD GRC gerenciamento de risco inova√ß√£o Every TI VempraEvery Vem pra Every ;Analista Pleno de Privacidade de Dados;Bras√≠lia - DF;Presencial;Efetivo;N√£o informado;27/06/2023
Instituto de Pesquisas ELDORADO;Est√°gio para Analista de Dados;Manaus - AM;Presencial;Efetivo;N√£o informado;26/06/2023
Banco Bmg;Especialista de Arquitetura de Dados;S√£o Paulo - SP;Presencial;Efetivo;Tamb√©m p/ PcD;26/06/2023
Brasilprev;BANCO DE TALENTOS - Tecnologia e Dados;S√£o Paulo - SP;Presencial;Banco de Talentos;Tamb√©m p/ PcD;26/06/2023
Agrofel Gr√£os e Insumos;Banco de dados | Gerente de Unidade;N√£o informado;Presencial;Efetivo;Tamb√©m p/ PcD;24/06/2023
Agrofel Gr√£os e Insumos;Banco de Dados | Assistente Administrativo e Estoque ;N√£o informado;Presencial;Efetivo;Tamb√©m p/ PcD;24/06/2023
Agrofel Gr√£os e Insumos;Banco de Dados | Consultor Comercial ;N√£o informado;Presencial;Efetivo;Tamb√©m p/ PcD;24/06/2023
Fa√ßa parte do time Mercantil;Analista de Dados de Controladoria Pleno;Belo Horiz... - MG;Remoto;Efetivo;Tamb√©m p/ PcD;23/06/2023
B. Braun Group ;Especialista de Intelig√™ncia de Dados;Rio de Jan... - RJ;Presencial;Efetivo;Tamb√©m p/ PcD;23/06/2023
Agrofel Gr√£os e Insumos;Banco de Dados | Coordenador Administrativo;N√£o informado;Presencial;Efetivo;Tamb√©m p/ PcD;22/06/2023
Agrofel Gr√£os e Insumos;Banco de dados | Coordenador Comercial;N√£o informado;Presencial;Efetivo;Tamb√©m p/ PcD;22/06/2023
YDUQS;PESSOA ANALISTA EM GEST√ÉO DE SERVI√áOS PLENA (DADOS);Rio de Jan... - RJ;Presencial;Efetivo;Tamb√©m p/ PcD;22/06/2023
Account Manager Jr;Product Owner Dados;Paran√° - PR;Presencial;Pessoa Jur√≠dica;N√£o informado;22/06/2023
Embraer;Cientista de Dados JR/PL ;S√£o Jos√© d... - SP;Presencial;Efetivo;Tamb√©m p/ PcD;22/06/2023
OMNI Brasil;Estagi√°rio de Dados;S√£o Paulo - SP;Presencial;Est√°gio;N√£o informado;20/06/2023
Riachuelo ;Administrador de Banco de Dados  S√™nior;S√£o Paulo - SP;Remoto;Efetivo;Tamb√©m p/ PcD;20/06/2023
Hapvida NotreDame Interm√©dica;Estagi√°rio de Direito (Privacidade e Prote√ß√£o de Dados) ;Fortaleza - CE;Presencial;Est√°gio;Tamb√©m p/ PcD;20/06/2023
Grupo Refriko;Analista de Dados;Camb√© - PR;Presencial;Efetivo;N√£o informado;20/06/2023
Stefanini Group;ADMINISTRADOR DE BANCO DE DADOS S√äNIOR;Rio de Jan... - RJ;Presencial;Efetivo;Tamb√©m p/ PcD;19/06/2023
Light;T√©cnico Jr (An√°lise de Dados);Nova Igua√ßu - RJ;Presencial;Efetivo;Tamb√©m p/ PcD;19/06/2023
Datum TI;Pessoa Engenheira de Dados AWS Pleno;S√£o Paulo - SP;Remoto;Efetivo;Tamb√©m p/ PcD;19/06/2023
SBT;Engenheiro de Dados S√™nior;Osasco - SP;Presencial;Efetivo;Tamb√©m p/ PcD;19/06/2023
Ita√∫ Unibanco;Analista S√™nior de Business Intelligence (BI) e Dados - CONS√ìRCIO;Sao Paulo - SP;Presencial;Efetivo;N√£o informado;16/06/2023
Qexpert ;Engenheiro de Dados - DataOps - S√™nior;S√£o Paulo - SP;Presencial;Efetivo;Tamb√©m p/ PcD;16/06/2023
Cadastra ;Engenheiro de Dados - DataOps - S√™nior;S√£o Paulo - SP;Presencial;Efetivo;Tamb√©m p/ PcD;15/06/2023
NAVA | Technology for Business;PESSOA ENGENHEIRA DE DADOS;S√£o Paulo - SP;Presencial;Efetivo;Tamb√©m p/ PcD;15/06/2023
Superl√≥gica Tecnologias ;Pessoa Analista de Marketing S√™nior - Foco em Dados;Campinas - SP;Remoto;Efetivo;Tamb√©m p/ PcD;15/06/2023
200DEV;Engenheiro (a) de Dados S√™nior ;S√£o Paulo - SP;Remoto;Efetivo;Tamb√©m p/ PcD;15/06/2023
Porto;Analista de Engenharia de Dados S√™nior ;S√£o Paulo - SP;Presencial;Efetivo;N√£o informado;14/06/2023
J&T Express Brasil;Analista de dados (BI) Sr. ;S√£o Paulo - SP;Presencial;Efetivo;Tamb√©m p/ PcD;14/06/2023
Grupo RBS;Engenheiro de Dados III (Remoto);Porto Alegre - RS;Remoto;Efetivo;Tamb√©m p/ PcD;13/06/2023
Franq;Analista de Dados Pleno;Florian√≥polis - SC;Presencial;Efetivo;Tamb√©m p/ PcD;09/06/2023
Grupo SBF ;Pessoa Arquiteta de Dados ;N√£o informado;Remoto;Efetivo;N√£o informado;09/06/2023
Claranet Brasil;Banco de Talentos para Engenharia de Dados GCP;Barueri - SP;Presencial;Banco de Talentos;Tamb√©m p/ PcD;07/06/2023
NC Tech;Gerente de Dados;Hortolandia - SP;Presencial;Efetivo;Tamb√©m p/ PcD;07/06/2023
Bridge & Co.;Pessoa Engenheira de Dados;Rio de Jan... - RJ;Presencial;Efetivo;Tamb√©m p/ PcD;07/06/2023
EuroChem;Especialista de Dados e Inova√ß√£o - Paul√≠nia/SP;Goi√¢nia - GO;Presencial;Efetivo;Tamb√©m p/ PcD;07/06/2023
Telef√≥nica Tech;GERENTE BANCO DE DADOS ;Barueri - SP;Presencial;Efetivo;Tamb√©m p/ PcD;07/06/2023
MTP M√©todos e Tecnologia ‚Äì Brasil;Banco de Talentos - Analista de Dados;S√£o Jos√© d... - PR;Presencial;Banco de Talentos;N√£o informado;07/06/2023
Engineering Brasil;Cientista de Dados Pleno/S√™nior;S√£o Paulo - SP;Remoto;Efetivo;Tamb√©m p/ PcD;06/06/2023
Porto;Analista de Engenharia de Dados Sr;Barueri - SP;Presencial;Efetivo;Tamb√©m p/ PcD;05/06/2023
Movida Aluguel de Carros;ESPECIALISTA DE DADOS E CONTROLADORIA;N√£o informado;Presencial;Efetivo;Tamb√©m p/ PcD;05/06/2023
Cielo;Cientista de Dados ;Barueri - SP;Remoto;Efetivo;Tamb√©m p/ PcD;05/06/2023
Mercafacil;Engenheiro(a) de Dados S√™nior | Python (Banco de Talentos);Curitiba - PR;Remoto;Efetivo;Tamb√©m p/ PcD;01/06/2023
Trabalhe Conosco Unimed Goi√¢nia;Analista De Seguran√ßa Informa√ß√£o E Dados III - Seguran√ßa Da Informa√ß√£o E Dados (C√ìPIA);Goi√¢nia - GO;Presencial;Efetivo;Tamb√©m p/ PcD;01/06/2023
Infotec Brasil;Engenheiro de Analise de Dados - Santos/SP ;Santos - SP;Presencial;Efetivo;N√£o informado;01/06/2023
Icomm Group;Est√°gio em An√°lise de Dados;S√£o Paulo - SP;Presencial;Est√°gio;N√£o informado;31/05/2023
Gerando Falc√µes;Analista de Dados Pleno;Po√° - SP;Presencial;Efetivo;N√£o informado;31/05/2023
Eletromidia;Analista de Dados Pleno ‚Äì IoT;S√£o Paulo - SP;Presencial;Efetivo;Tamb√©m p/ PcD;31/05/2023
Autoglass Administrativo;Assistente Administrativo - Dados;Vila Velha - ES;Presencial;Efetivo;Tamb√©m p/ PcD;31/05/2023
Vitru Education;Analista de Dados (Web Analytics CRO);Florian√≥polis - SC;Presencial;Efetivo;Tamb√©m p/ PcD;29/05/2023
Vagas, empregos, oportunidades;Analista de Dados Pleno;Joinville - SC;Remoto;Efetivo;Tamb√©m p/ PcD;26/05/2023
Daniel Advogados;Advogado(a) Pleno - Tecnologia, Privacidade e Prote√ß√£o de Dados;S√£o Paulo - SP;Presencial;Efetivo;Tamb√©m p/ PcD;26/05/2023
Grupo Safira ;Engenheiro de Dados S√™nior;S√£o Paulo - SP;Presencial;Efetivo;Tamb√©m p/ PcD;26/05/2023
Americanas S.A.;Analista de Privacidade S√™nior | Privacidade de Dados ;Rio de Jan... - RJ;Presencial;Efetivo;Tamb√©m p/ PcD;24/05/2023
REDE CACIQUE;BANCO DE DADOS GERAL - REDE CACIQUE;N√£o informado;Presencial;Banco de Talentos;N√£o informado;23/05/2023
Getnet Brasil;Pessoa Analista de Risco Financeiro Pl | Analise de Dados;Porto Alegre - RS;Presencial;Efetivo;Tamb√©m p/ PcD;23/05/2023
EuroChem;Analista de Dados Industriais - Paul√≠nia/SP;Paul√≠nia - SP;Presencial;Efetivo;Tamb√©m p/ PcD;22/05/2023
Ita√∫ Unibanco;Estag Experience | Direcionado para perfil de dados;Sao Paulo - SP;Presencial;Est√°gio;Tamb√©m p/ PcD;22/05/2023
REDE CACIQUE;JOVEM APRENDIZ - BANCO DE DADOS REDE CACIQUE;Teresina - PI;Presencial;Banco de Talentos;Tamb√©m p/ PcD;20/05/2023
R Dam√°sio;Assistente de Dados | Vendas Atacado;Teresina - PI;Presencial;Efetivo;Tamb√©m p/ PcD;19/05/2023
Ernesto Borges Advogados;Analista de Dados;Campo Grande - MS;Remoto;Efetivo;Tamb√©m p/ PcD;18/05/2023
Ita√∫ Unibanco;ANL ENGENHARIA DADOS SR - PREVEN√á√ÉO A FRAUDES;Sao Paulo - SP;Remoto;Efetivo;Tamb√©m p/ PcD;17/05/2023
A3Data;Banco de Talentos - Pessoa Engenheira de Dados  [S√™nior-Especialista];Belo Horiz... - MG;Remoto;Banco de Talentos;Tamb√©m p/ PcD;17/05/2023
Lanlink Inform√°tica;Analista de Suporte em Administra√ß√£o de Banco de Dados -BANCO DE TALENTOS;Natal - RN;Presencial;Banco de Talentos;Tamb√©m p/ PcD;17/05/2023
A3Data;Banco de Talentos - Pessoa Analista de Dados [S√™nior-Especialista];Belo Horiz... - MG;Remoto;Banco de Talentos;Tamb√©m p/ PcD;17/05/2023
Autoglass Tech;L√≠der de Equipe - Dados;Vila Velha - ES;Presencial;Efetivo;Tamb√©m p/ PcD;16/05/2023
A3Data;Banco de Talentos - Pessoa Cientista de Dados [S√™nior-Especialista];Belo Horiz... - MG;Remoto;Banco de Talentos;Tamb√©m p/ PcD;15/05/2023
COTY;Analista de Dados - Performance;S√£o Paulo - SP;Presencial;Efetivo;N√£o informado;15/05/2023
Movida Aluguel de Carros;ENGENHEIRO (A) DE DADOS PL;S√£o Paulo - SP;Presencial;Pessoa Jur√≠dica;Tamb√©m p/ PcD;15/05/2023
Sicredi;Analista de Dados - Foco em Cr√©dito - Afirmativa para PCD's;Porto Alegre - RS;Remoto;Efetivo;Tamb√©m p/ PcD;12/05/2023
Globo;Pessoa Engenheira de Dados | Big Data & AI;Rio de Jan... - RJ;Remoto;Banco de Talentos;N√£o informado;11/05/2023
Grupo Yamaha Brasil;ANALISTA DE DADOS PL;Guarulhos - SP;Presencial;Efetivo;N√£o informado;11/05/2023
Sele√ß√£o de Professores - Centro Universit√°rio Facens;Edital 2023.2 - Engenharia da Computa√ß√£o - Estrutura de Dados;Sorocaba - SP;Presencial;Docente;Tamb√©m p/ PcD;08/05/2023
Sele√ß√£o de Professores - Centro Universit√°rio Facens;Edital 2023.2 - An√°lise e Desenvolvimento de Sistemas I Gest√£o de TI - Banco de Dados ;Sorocaba - SP;Presencial;Docente;Tamb√©m p/ PcD;08/05/2023
NV;NV | Analista de Dados;S√£o Paulo - SP;Presencial;Efetivo;Tamb√©m p/ PcD;08/05/2023
BP - A Benefic√™ncia Portuguesa de S√£o Paulo;Pessoa Consultora de Dados e Estat√≠stica ;S√£o Paulo - SP;Presencial;Efetivo;Tamb√©m p/ PcD;08/05/2023
Softys Brasil;Data Science Sr (Cientista de Dados Sr);S√£o Paulo - SP;Presencial;Efetivo;Tamb√©m p/ PcD;08/05/2023
Indique Uma Preta;Indique + Ambev | Cientista de Dados S√™nior (vaga afirmativa para pessoas negras);S√£o Paulo - SP;Remoto;Efetivo;Tamb√©m p/ PcD;05/05/2023
Ita√∫ Unibanco;ANL ENGENHARIA DE DADOS SR - CR√âDITO PJ;Sao Paulo - SP;Presencial;Efetivo;N√£o informado;04/05/2023
SYOS;Estagi√°rio de Ci√™ncia de Dados;S√£o Paulo - SP;Presencial;Est√°gio;Tamb√©m p/ PcD;28/04/2023
AESC - Associa√ß√£o Educadora S√£o Carlos;Analista de Dados Epidemiol√≥gicos - Hospital M√£e de Deus;Porto Alegre - RS;Presencial;Efetivo;Tamb√©m p/ PcD;28/04/2023
J&T Express Brasil;Analista de dados (BI) Sr.;S√£o Paulo - SP;Presencial;Efetivo;Tamb√©m p/ PcD;27/04/2023
Fa√ßa parte do time Mercantil;Analista de Dados Junior;Belo Horiz... - MG;Presencial;Efetivo;Tamb√©m p/ PcD;27/04/2023
Cresol Oficial;Administrador de Banco de Dados DBA | Cresol Confedera√ß√£o ;Florian√≥polis - SC;Presencial;Efetivo;Tamb√©m p/ PcD;27/04/2023
match.mt;Banco de Talentos : : Dados e Analytics ;S√£o Paulo - SP;Remoto;Banco de Talentos;N√£o informado;26/04/2023
Close-up International;Analista de Informa√ß√µes JR/PL (Rewards - Banco de Dados);S√£o Paulo - SP;Presencial;Efetivo;Tamb√©m p/ PcD;26/04/2023
Montreal & Tecnologia & Inova√ß√£o;Cientista de Dados - Regional S√£o Paulo;S√£o Paulo - SP;Remoto;Efetivo;Tamb√©m p/ PcD;25/04/2023
Telef√≥nica Tech;Gerente de Dados (Big Data) ;Barueri - SP;Presencial;Efetivo;N√£o informado;25/04/2023
J&T Express Brasil;Analista de dados (BI) Jr;Ribeir√£o P... - SP;Presencial;Efetivo;Tamb√©m p/ PcD;25/04/2023
Stocche Forbes Advogados;Advogado(a) J√∫nior - Contratos / Societ√°rio / Prote√ß√£o de Dados / Propriedade Intelectual ;Belo Horiz... - MG;Presencial;Associado;N√£o informado;24/04/2023
Ita√∫ Educa√ß√£o e Trabalho;Analista em gest√£o do conhecimento  (monitoramento de pesquisas e dados);Sao Paulo - SP;Presencial;Efetivo;N√£o informado;20/04/2023
Datum TI;Pessoa Engenheira de Dados S√™nior;S√£o Paulo - SP;Remoto;Efetivo;Tamb√©m p/ PcD;19/04/2023
Stocche Forbes Advogados;Estagi√°rio(a) - Contratos / Societ√°rio / Prote√ß√£o de Dados / Propriedade Intelectual;Belo Horiz... - MG;Presencial;Est√°gio;N√£o informado;18/04/2023
RHMED Consultores Associados;ANALISTA DE DADOS ;Rio de Jan... - RJ;Presencial;Efetivo;N√£o informado;17/04/2023
Diversa - Bip Brasil;Pessoa Cientista de Dados na xTech - Vaga afirmativa para PCD;S√£o Paulo - SP;Remoto;Banco de Talentos;Tamb√©m p/ PcD;17/04/2023
Cielo;Especialista em Dados;Barueri - SP;Presencial;Efetivo;Tamb√©m p/ PcD;14/04/2023
Ita√∫ Unibanco;ANL SISTEMAS SR (Eng. Dados - Plataforma) - DADOS E CRM (REDE);Sao Paulo - SP;Presencial;Efetivo;N√£o informado;14/04/2023
Superl√≥gica Tecnologias ;Pessoa Analista de Engenharia de Dados;N√£o informado;Remoto;Efetivo;Tamb√©m p/ PcD;11/04/2023
Grupo Acelerador;Analista de Dados;Barueri - SP;Presencial;Efetivo;N√£o informado;10/04/2023
Vivo Vita;Administrador de Banco De Dados Pleno;S√£o Paulo - SP;Presencial;Efetivo;Tamb√©m p/ PcD;06/04/2023
Ita√∫ Unibanco;ANL ENGENHARIA DE DADOS SR - IBBA;Sao Paulo - SP;Presencial;Efetivo;N√£o informado;06/04/2023
Rotoline;N√£o encontrou a vaga que procurava? Envie seu curr√≠culo mesmo assim, para que possamos ter seus dados quando surgirem novas vagas.;Chapec√≥ - SC;Presencial;Banco de Talentos;N√£o informado;04/04/2023
Ambev Tech;Engenharia de Dados - Vaga afirmativa para Mulheres e/ou Pessoas Pretas/Pardas e/ou PCD;N√£o informado;Presencial;Efetivo;Tamb√©m p/ PcD;27/03/2023
Continental Bom Dia Distribuidora;Estagi√°rio(a) de Dados e Processos;Itapeceric... - SP;Presencial;Est√°gio;N√£o informado;24/03/2023
Hypera Pharma;ARQUITETO DADOS;S√£o Paulo - SP;Presencial;Efetivo;Tamb√©m p/ PcD;23/03/2023
Unicred Central Conex√£o;Cientista de Dados | Itaja√≠;Itaja√≠  - SC;Presencial;Efetivo;N√£o informado;22/03/2023
Stefanini Group;ENGENHEIRO DE DADOS SR;Sao Paulo - SP;Remoto;Efetivo;Tamb√©m p/ PcD;21/03/2023
V.tal | o futuro passa por aqui;Banco de Talentos - Dados;N√£o informado;Presencial;Banco de Talentos;Tamb√©m p/ PcD;21/03/2023
Welcome The Future;Analista de Banco de Dados;Salvador - BA;Presencial;Efetivo;Tamb√©m p/ PcD;20/03/2023
Ita√∫ Unibanco;Analista de Estrat√©gia de Dados;Sao Paulo - SP;Presencial;Efetivo;N√£o informado;17/03/2023
Sem Parar;Analista de Dados Comerciais ;S√£o Paulo - SP;Remoto;Efetivo;Tamb√©m p/ PcD;15/03/2023
Mottu;Especialista em An√°lise de Dados;S√£o Paulo - SP;Presencial;Pessoa Jur√≠dica;Tamb√©m p/ PcD;15/03/2023
Stefanini Group;Engenheiro de Dados;Brasilia - DF;Remoto;Efetivo;N√£o informado;15/03/2023
SLC M√°quinas;Cientista de Dados Agro;N√£o informado;Presencial;Efetivo;Tamb√©m p/ PcD;15/03/2023
J&T Express Brasil;Analista de Dados S√™nior - S√£o Paulo / SP ;S√£o Paulo - SP;Presencial;Efetivo;Tamb√©m p/ PcD;15/03/2023
Embraer;Analista de Dados JR (Vaga afirmativa para pessoas com defici√™ncia);S√£o Jos√© d... - SP;Presencial;Efetivo;Tamb√©m p/ PcD;13/03/2023
Grupo Acelerador;BANCO DE DADOS ACELERADO;Barueri - SP;Presencial;Efetivo;Tamb√©m p/ PcD;13/03/2023
Mottu;Analista de Dados Junior e Pleno;S√£o Paulo - SP;Presencial;Pessoa Jur√≠dica;Tamb√©m p/ PcD;03/03/2023
Ita√∫ Unibanco;Analista de Dados - Solu√ß√µes de Investimentos;Sao Paulo - SP;Presencial;Efetivo;N√£o informado;28/02/2023
Vagas Peers;Data Architect (Arquiteto de Dados);S√£o Paulo - SP;Remoto;Efetivo;Tamb√©m p/ PcD;27/02/2023
GPA;Analista Ci√™ncia de Dados S√™nior;S√£o Paulo - SP;Presencial;Efetivo;N√£o informado;27/02/2023
Kempetro Engenharia;Analista de Dados;Rio de Jan... - RJ;Presencial;Efetivo;Tamb√©m p/ PcD;23/02/2023
Agrofel Gr√£os e Insumos;Analista de Dados;Porto Alegre - RS;Presencial;Efetivo;Tamb√©m p/ PcD;08/02/2023
Stefanini Group;Administrador de Banco de Dados ;Brasilia - DF;Remoto;Efetivo;Tamb√©m p/ PcD;06/02/2023
Ewave do Brasil;Analista de Dados;Curitiba - PR;Presencial;Efetivo;N√£o informado;01/02/2023
Ita√∫ Unibanco;Engenharia de Dados Pleno - Cr√©dito PF üß°;Sao Paulo - SP;Presencial;Efetivo;N√£o informado;31/01/2023
Ita√∫ Unibanco;Engenheiro (a) de Dados Pleno - IBBA;S√£o Paulo - SP;Presencial;Efetivo;N√£o informado;30/01/2023
EloGroup;Engenheiro(a) de dados S√™nior ;S√£o Paulo - SP;Remoto;Efetivo;Tamb√©m p/ PcD;27/01/2023
NAVA | Technology for Business;BANCO DE TALENTOS - ENGENHARIA DE DADOS JR/PL/SR/ESPECIALISTAS;N√£o informado;Presencial;Banco de Talentos;Tamb√©m p/ PcD;23/01/2023
Ita√∫ Unibanco;Engenheiro(a) de Dados Pleno;S√£o Paulo - SP;Presencial;Efetivo;N√£o informado;20/01/2023
Ita√∫ Unibanco;Engenharia de Dados | Oportunidade direcionada para Mulheres;S√£o Paulo - SP;Presencial;Efetivo;N√£o informado;20/01/2023
Porsche Cup Brasil;Banco de Talentos | Analista de Dados Freelancers ;S√£o Paulo - SP;Presencial;Banco de Talentos;Tamb√©m p/ PcD;19/01/2023
Ewave do Brasil;Cientista de Dados;Barueri - SP;Remoto;Efetivo;N√£o informado;19/01/2023
Kempetro Engenharia;Analista de Dados de Automa√ß√£o de Projetos;S√£o Paulo - SP;Presencial;Efetivo;Tamb√©m p/ PcD;17/01/2023
Ita√∫ Unibanco;Analista de Dados S√™nior (Marketing);Sao Paulo - SP;Presencial;Efetivo;N√£o informado;17/01/2023
Infotec Brasil;Analista de Dados - Salvador/BA ;S√£o Franci... - BA;Presencial;Efetivo;Tamb√©m p/ PcD;13/01/2023
Peck Advogados;Advogado(a) Pleno - Prote√ß√£o de Dados e Privacidade;S√£o Paulo - SP;Presencial;Associado;N√£o informado;06/01/2023
Eng4tech;Engenheiro de Dados PL/SR;Campinas - SP;Remoto;Efetivo;Tamb√©m p/ PcD;28/12/2022
Ita√∫ Unibanco;Engenheiro (a) de Dados S√™nior - IBBA;S√£o Paulo - SP;Presencial;Efetivo;N√£o informado;27/12/2022
Infotec Brasil;Analista de Dados - Home Office   ;Rio de Jan... - RJ;Remoto;Efetivo;Tamb√©m p/ PcD;26/12/2022
Peck Advogados;Advogado(a) Pleno | Privacidade e Prote√ß√£o de Dados ;S√£o Paulo - SP;Presencial;Associado;N√£o informado;23/12/2022
Peck Advogados;Advogado(a) Jr. | Prote√ß√£o de Dados e LGPD ;S√£o Paulo - SP;Presencial;Associado;Tamb√©m p/ PcD;19/12/2022
Eng4tech;Engenheiro de Dados;Campinas - SP;Remoto;Efetivo;Tamb√©m p/ PcD;13/12/2022
Unidas;Analista de Intelig√™ncia de Dados PL;Curitiba - PR;Presencial;Efetivo;Tamb√©m p/ PcD;08/12/2022
J&T Express Brasil;Analista de dados (BI);Belo Horiz... - MG;Presencial;Efetivo;Tamb√©m p/ PcD;25/11/2022
Ajinomoto do Brasil;Analista de TI (Administra√ß√£o de Bancos de Dados);Limeira - SP;Presencial;Efetivo;Tamb√©m p/ PcD;23/11/2022
Projeto BRA;BRADESCO | Engenheiro de Dados;Barueri - SP;Presencial;Efetivo;Tamb√©m p/ PcD;11/11/2022
Ita√∫ Unibanco;Engenheiro (a) de Dados S√™nior ;S√£o Paulo - SP;Presencial;Efetivo;N√£o informado;11/11/2022
Ita√∫ Unibanco;Engenheiro (a) de Dados S√™nior;S√£o Paulo - SP;Presencial;Efetivo;N√£o informado;10/11/2022
Ita√∫ Unibanco;Analista de Ci√™ncia de Dados Pleno;Sao Paulo - SP;Presencial;Efetivo;N√£o informado;09/11/2022
Diversa - Bip Brasil;Cientista de Dados na xTech - Vaga afirmativa para mulheres;S√£o Paulo - SP;Remoto;Banco de Talentos;N√£o informado;03/11/2022
Diversa - Bip Brasil;Engenheira de Dados xTech - Vaga afirmativa para mulheres;S√£o Paulo - SP;Remoto;Banco de Talentos;N√£o informado;03/11/2022
Grupo Skytech;Analista de dados;S√£o Paulo - SP;Presencial;Efetivo;N√£o informado;31/10/2022
Bip Brasil;Pessoa Consultora de Governan√ßa de Dados - CoE xTech;S√£o Paulo - SP;Remoto;Banco de Talentos;N√£o informado;27/09/2022
Instituto Atl√¢ntico;[Banco de Talentos] Pessoa Engenheira de Dados;Fortaleza - CE;Remoto;Banco de Talentos;Tamb√©m p/ PcD;06/09/2022
Ita√∫ Unibanco;Analista de Dados de Preven√ß√£o a Fraude -  S√™nior;Sao Paulo - SP;Presencial;Efetivo;N√£o informado;29/07/2022
EloGroup;Engenheiro(a) de Dados Pleno;N√£o informado;Remoto;Efetivo;Tamb√©m p/ PcD;18/07/2022
Cidacs;Banco de Talento | Engenheiro de Dados J√∫nior;Salvador - BA;Presencial;Banco de Talentos;N√£o informado;13/07/2022
Keep Simple;Engenheiro de Dados (1875);Curitiba - PR;Presencial;Pessoa Jur√≠dica;N√£o informado;12/07/2022
Ita√∫ Unibanco;Analista de Dados - Exclusivo para Profissionais com Defici√™ncia ;S√£o Paulo - SP;Presencial;Efetivo;Tamb√©m p/ PcD;08/07/2022
Bip Brasil;Pessoa Engenheira de Dados - CoE xTech;S√£o Paulo - SP;Remoto;Banco de Talentos;N√£o informado;01/07/2022
Bip Brasil;Pessoa Cientista de Dados - CoE xTech;S√£o Paulo - SP;Remoto;Banco de Talentos;N√£o informado;01/07/2022
Vivo Digital;Banco de Talentos - Dados/BI/Analytics;S√£o Paulo - SP;Presencial;Banco de Talentos;Tamb√©m p/ PcD;13/06/2022
Santander Brasil;Analista S√™nior de Dados;S√£o Paulo - SP;Presencial;Efetivo;N√£o informado;18/05/2022
DEXCO;Banco de Talentos - Cientista de Dados ;S√£o Paulo - SP;Remoto;Banco de Talentos;Tamb√©m p/ PcD;17/03/2022
Globo;Cientista de Dados | Big Data & AI;Rio de Jan... - RJ;Remoto;Banco de Talentos;Tamb√©m p/ PcD;13/01/2022
Sicredi;Banco de Dados - Gerente de Neg√≥cios   - Rancharia/SP ;Rancharia - SP;Presencial;Banco de Talentos;Tamb√©m p/ PcD;20/10/2021
Sicredi;Banco de Dados  -Rancharia/SP;Rancharia - SP;Presencial;Banco de Talentos;Tamb√©m p/ PcD;20/10/2021
Sicredi;Banco de dados - Vaga PCD - Rancharia/SP (Administrativo/Comercial) ;Rancharia - SP;Presencial;Banco de Talentos;Tamb√©m p/ PcD;20/10/2021
Pollo Engenharia ;Engenheiro Civil - Banco de Dados;Itajub√° - MG;Presencial;Pessoa Jur√≠dica;N√£o informado;30/07/2021
Brivia;Analista de Dados;Rio de Jan... - RJ;Remoto;Banco de Talentos;Tamb√©m p/ PcD;08/06/2021
Brivia;Cientista de Dados;Florian√≥polis - SC;Remoto;Banco de Talentos;Tamb√©m p/ PcD;04/06/2021
Brivia;Engenheiro(a) de Dados;S√£o Paulo - SP;Remoto;Banco de Talentos;Tamb√©m p/ PcD;04/06/2021
Globalsys Solu√ß√µes em TI;Banco de Talentos - Analista de Dados/ Analista de BI ou Cientista de Dados;N√£o informado;Remoto;Banco de Talentos;N√£o informado;04/06/2021
Trial Estrutura Organizacional;Analista de Dados;S√£o Paulo - SP;Presencial;Aut√¥nomo;Tamb√©m p/ PcD;25/05/2021
Fennix Brasil Distribuidora;* N√ÉO ENCONTROU A VAGA QUE VOC√ä GOSTARIA? CADASTRE SEUS DADOS AQUI!!! *;Manaus - AM;Presencial;Banco de Talentos;Tamb√©m p/ PcD;14/04/2021
Qexpert ;Banco de Talentos Analista de Dados;Curitiba - PR;Remoto;Banco de Talentos;Tamb√©m p/ PcD;18/03/2021
Qexpert ;Banco de Talentos Engenheiro de Dados;Curitiba - PR;Remoto;Banco de Talentos;Tamb√©m p/ PcD;18/03/2021
Qexpert ;Banco de Talentos Cientista de Dados;Curitiba - PR;Remoto;Banco de Talentos;Tamb√©m p/ PcD;18/03/2021
Sicredi;Banco de Dados Jovem Aprendiz - Dracena/SP;Dracena - SP;Presencial;Banco de Talentos;Tamb√©m p/ PcD;11/03/2021
Nestl√©;Engenheiro(a) de Dados;S√£o Paulo - SP;Presencial;Efetivo;Tamb√©m p/ PcD;01/03/2021
Qualidados;N√£o encontrou uma vaga com seu perfil? Cadastre seus dados aqui!!;N√£o informado;Presencial;Banco de Talentos;Tamb√©m p/ PcD;29/05/2020
Log-In Log√≠stica Intermodal;Especialista em An√°lise de Dados - VAGA BANCO;Rio de Jan... - RJ;Presencial;Banco de Talentos;N√£o informado;31/03/2020